labels,path
male_angry,C:/Users/user/Desktop/DatasetFR/Actor_01/01-C11-05-01.aiff
male_angry,C:/Users/user/Desktop/DatasetFR/Actor_01/01-C12-05-01.aiff
male_angry,C:/Users/user/Desktop/DatasetFR/Actor_01/01-C13-05-01.aiff
male_angry,C:/Users/user/Desktop/DatasetFR/Actor_01/01-C14-05-01.aiff
male_angry,C:/Users/user/Desktop/DatasetFR/Actor_01/01-C15-05-01.aiff
male_angry,C:/Users/user/Desktop/DatasetFR/Actor_01/01-C16-05-01.aiff
male_angry,C:/Users/user/Desktop/DatasetFR/Actor_01/01-C21-05-01.aiff
male_angry,C:/Users/user/Desktop/DatasetFR/Actor_01/01-C22-05-01.aiff
male_angry,C:/Users/user/Desktop/DatasetFR/Actor_01/01-C23-05-01.aiff
male_angry,C:/Users/user/Desktop/DatasetFR/Actor_01/01-C24-05-01.aiff
male_angry,C:/Users/user/Desktop/DatasetFR/Actor_01/01-C25-05-01.aiff
male_angry,C:/Users/user/Desktop/DatasetFR/Actor_01/01-C26-05-01.aiff
male_disgust,C:/Users/user/Desktop/DatasetFR/Actor_01/01-D11-03-01.aiff
male_disgust,C:/Users/user/Desktop/DatasetFR/Actor_01/01-D12-03-01.aiff
male_disgust,C:/Users/user/Desktop/DatasetFR/Actor_01/01-D13-03-01.aiff
male_disgust,C:/Users/user/Desktop/DatasetFR/Actor_01/01-D14-03-01.aiff
male_disgust,C:/Users/user/Desktop/DatasetFR/Actor_01/01-D15-03-01.aiff
male_disgust,C:/Users/user/Desktop/DatasetFR/Actor_01/01-D16-03-01.aiff
male_disgust,C:/Users/user/Desktop/DatasetFR/Actor_01/01-D21-03-01.aiff
male_disgust,C:/Users/user/Desktop/DatasetFR/Actor_01/01-D22-03-01.aiff
male_disgust,C:/Users/user/Desktop/DatasetFR/Actor_01/01-D23-03-01.aiff
male_disgust,C:/Users/user/Desktop/DatasetFR/Actor_01/01-D24-03-01.aiff
male_disgust,C:/Users/user/Desktop/DatasetFR/Actor_01/01-D25-03-01.aiff
male_disgust,C:/Users/user/Desktop/DatasetFR/Actor_01/01-D26-03-01.aiff
male_happy,C:/Users/user/Desktop/DatasetFR/Actor_01/01-J11-02-01.aiff
male_happy,C:/Users/user/Desktop/DatasetFR/Actor_01/01-J12-02-01.aiff
male_happy,C:/Users/user/Desktop/DatasetFR/Actor_01/01-J13-02-01.aiff
male_happy,C:/Users/user/Desktop/DatasetFR/Actor_01/01-J14-02-01.aiff
male_happy,C:/Users/user/Desktop/DatasetFR/Actor_01/01-J15-02-01.aiff
male_happy,C:/Users/user/Desktop/DatasetFR/Actor_01/01-J16-02-01.aiff
male_happy,C:/Users/user/Desktop/DatasetFR/Actor_01/01-J21-02-01.aiff
male_happy,C:/Users/user/Desktop/DatasetFR/Actor_01/01-J22-02-01.aiff
male_happy,C:/Users/user/Desktop/DatasetFR/Actor_01/01-J23-02-01.aiff
male_happy,C:/Users/user/Desktop/DatasetFR/Actor_01/01-J24-02-01.aiff
male_happy,C:/Users/user/Desktop/DatasetFR/Actor_01/01-J25-02-01.aiff
male_happy,C:/Users/user/Desktop/DatasetFR/Actor_01/01-J26-02-01.aiff
male_neutral,C:/Users/user/Desktop/DatasetFR/Actor_01/01-N1-01-01.aiff
male_neutral,C:/Users/user/Desktop/DatasetFR/Actor_01/01-N2-01-01.aiff
male_neutral,C:/Users/user/Desktop/DatasetFR/Actor_01/01-N3-01-01.aiff
male_neutral,C:/Users/user/Desktop/DatasetFR/Actor_01/01-N4-01-01.aiff
male_neutral,C:/Users/user/Desktop/DatasetFR/Actor_01/01-N5-01-01.aiff
male_neutral,C:/Users/user/Desktop/DatasetFR/Actor_01/01-N6-01-01.aiff
male_fear,C:/Users/user/Desktop/DatasetFR/Actor_01/01-P11-07-01.aiff
male_fear,C:/Users/user/Desktop/DatasetFR/Actor_01/01-P12-07-01.aiff
male_fear,C:/Users/user/Desktop/DatasetFR/Actor_01/01-P13-07-01.aiff
male_fear,C:/Users/user/Desktop/DatasetFR/Actor_01/01-P14-07-01.aiff
male_fear,C:/Users/user/Desktop/DatasetFR/Actor_01/01-P15-07-01.aiff
male_fear,C:/Users/user/Desktop/DatasetFR/Actor_01/01-P16-07-01.aiff
male_fear,C:/Users/user/Desktop/DatasetFR/Actor_01/01-P21-07-01.aiff
male_fear,C:/Users/user/Desktop/DatasetFR/Actor_01/01-P22-07-01.aiff
male_fear,C:/Users/user/Desktop/DatasetFR/Actor_01/01-P23-07-01.aiff
male_fear,C:/Users/user/Desktop/DatasetFR/Actor_01/01-P24-07-01.aiff
male_fear,C:/Users/user/Desktop/DatasetFR/Actor_01/01-P25-07-01.aiff
male_fear,C:/Users/user/Desktop/DatasetFR/Actor_01/01-P26-07-01.aiff
male_surprise,C:/Users/user/Desktop/DatasetFR/Actor_01/01-S11-06-01.aiff
male_surprise,C:/Users/user/Desktop/DatasetFR/Actor_01/01-S12-06-01.aiff
male_surprise,C:/Users/user/Desktop/DatasetFR/Actor_01/01-S13-06-01.aiff
male_surprise,C:/Users/user/Desktop/DatasetFR/Actor_01/01-S14-06-01.aiff
male_surprise,C:/Users/user/Desktop/DatasetFR/Actor_01/01-S15-06-01.aiff
male_surprise,C:/Users/user/Desktop/DatasetFR/Actor_01/01-S16-06-01.aiff
male_surprise,C:/Users/user/Desktop/DatasetFR/Actor_01/01-S21-06-01.aiff
male_surprise,C:/Users/user/Desktop/DatasetFR/Actor_01/01-S22-06-01.aiff
male_surprise,C:/Users/user/Desktop/DatasetFR/Actor_01/01-S23-06-01.aiff
male_surprise,C:/Users/user/Desktop/DatasetFR/Actor_01/01-S24-06-01.aiff
male_surprise,C:/Users/user/Desktop/DatasetFR/Actor_01/01-S25-06-01.aiff
male_surprise,C:/Users/user/Desktop/DatasetFR/Actor_01/01-S26-06-01.aiff
male_sad,C:/Users/user/Desktop/DatasetFR/Actor_01/01-T11-04-01.aiff
male_sad,C:/Users/user/Desktop/DatasetFR/Actor_01/01-T12-04-01.aiff
male_sad,C:/Users/user/Desktop/DatasetFR/Actor_01/01-T13-04-01.aiff
male_sad,C:/Users/user/Desktop/DatasetFR/Actor_01/01-T14-04-01.aiff
male_sad,C:/Users/user/Desktop/DatasetFR/Actor_01/01-T15-04-01.aiff
male_sad,C:/Users/user/Desktop/DatasetFR/Actor_01/01-T16-04-01.aiff
male_sad,C:/Users/user/Desktop/DatasetFR/Actor_01/01-T21-04-01.aiff
male_sad,C:/Users/user/Desktop/DatasetFR/Actor_01/01-T22-04-01.aiff
male_sad,C:/Users/user/Desktop/DatasetFR/Actor_01/01-T23-04-01.aiff
male_sad,C:/Users/user/Desktop/DatasetFR/Actor_01/01-T24-04-01.aiff
male_sad,C:/Users/user/Desktop/DatasetFR/Actor_01/01-T25-04-01.aiff
male_sad,C:/Users/user/Desktop/DatasetFR/Actor_01/01-T26-04-01.aiff
female_angry,C:/Users/user/Desktop/DatasetFR/Actor_02/02-C11-05-02.aiff
female_angry,C:/Users/user/Desktop/DatasetFR/Actor_02/02-C12-05-02.aiff
female_angry,C:/Users/user/Desktop/DatasetFR/Actor_02/02-C13-05-02.aiff
female_angry,C:/Users/user/Desktop/DatasetFR/Actor_02/02-C14-05-02.aiff
female_angry,C:/Users/user/Desktop/DatasetFR/Actor_02/02-C15-05-02.aiff
female_angry,C:/Users/user/Desktop/DatasetFR/Actor_02/02-C16-05-02.aiff
female_angry,C:/Users/user/Desktop/DatasetFR/Actor_02/02-C21-05-02.aiff
female_angry,C:/Users/user/Desktop/DatasetFR/Actor_02/02-C22-05-02.aiff
female_angry,C:/Users/user/Desktop/DatasetFR/Actor_02/02-C23-05-02.aiff
female_angry,C:/Users/user/Desktop/DatasetFR/Actor_02/02-C24-05-02.aiff
female_angry,C:/Users/user/Desktop/DatasetFR/Actor_02/02-C25-05-02.aiff
female_angry,C:/Users/user/Desktop/DatasetFR/Actor_02/02-C26-05-02.aiff
female_disgust,C:/Users/user/Desktop/DatasetFR/Actor_02/02-D11-03-02.aiff
female_disgust,C:/Users/user/Desktop/DatasetFR/Actor_02/02-D12-03-02.aiff
female_disgust,C:/Users/user/Desktop/DatasetFR/Actor_02/02-D13-03-02.aiff
female_disgust,C:/Users/user/Desktop/DatasetFR/Actor_02/02-D14-03-02.aiff
female_disgust,C:/Users/user/Desktop/DatasetFR/Actor_02/02-D15-03-02.aiff
female_disgust,C:/Users/user/Desktop/DatasetFR/Actor_02/02-D16-03-02.aiff
female_disgust,C:/Users/user/Desktop/DatasetFR/Actor_02/02-D21-03-02.aiff
female_disgust,C:/Users/user/Desktop/DatasetFR/Actor_02/02-D22-03-02.aiff
female_disgust,C:/Users/user/Desktop/DatasetFR/Actor_02/02-D23-03-02.aiff
female_disgust,C:/Users/user/Desktop/DatasetFR/Actor_02/02-D24-03-02.aiff
female_disgust,C:/Users/user/Desktop/DatasetFR/Actor_02/02-D25-03-02.aiff
female_disgust,C:/Users/user/Desktop/DatasetFR/Actor_02/02-D26-03-02.aiff
female_happy,C:/Users/user/Desktop/DatasetFR/Actor_02/02-J11-02-02.aiff
female_happy,C:/Users/user/Desktop/DatasetFR/Actor_02/02-J12-02-02.aiff
female_happy,C:/Users/user/Desktop/DatasetFR/Actor_02/02-J13-02-02.aiff
female_happy,C:/Users/user/Desktop/DatasetFR/Actor_02/02-J14-02-02.aiff
female_happy,C:/Users/user/Desktop/DatasetFR/Actor_02/02-J15-02-02.aiff
female_happy,C:/Users/user/Desktop/DatasetFR/Actor_02/02-J16-02-02.aiff
female_happy,C:/Users/user/Desktop/DatasetFR/Actor_02/02-J21-02-02.aiff
female_happy,C:/Users/user/Desktop/DatasetFR/Actor_02/02-J22-02-02.aiff
female_happy,C:/Users/user/Desktop/DatasetFR/Actor_02/02-J23-02-02.aiff
female_happy,C:/Users/user/Desktop/DatasetFR/Actor_02/02-J24-02-02.aiff
female_happy,C:/Users/user/Desktop/DatasetFR/Actor_02/02-J25-02-02.aiff
female_happy,C:/Users/user/Desktop/DatasetFR/Actor_02/02-J26-02-02.aiff
female_neutral,C:/Users/user/Desktop/DatasetFR/Actor_02/02-N1-01-02.aiff
female_neutral,C:/Users/user/Desktop/DatasetFR/Actor_02/02-N2-01-02.aiff
female_neutral,C:/Users/user/Desktop/DatasetFR/Actor_02/02-N3-01-02.aiff
female_neutral,C:/Users/user/Desktop/DatasetFR/Actor_02/02-N4-01-02.aiff
female_neutral,C:/Users/user/Desktop/DatasetFR/Actor_02/02-N5-01-02.aiff
female_neutral,C:/Users/user/Desktop/DatasetFR/Actor_02/02-N6-01-02.aiff
female_fear,C:/Users/user/Desktop/DatasetFR/Actor_02/02-P11-07-02.aiff
female_fear,C:/Users/user/Desktop/DatasetFR/Actor_02/02-P12-07-02.aiff
female_fear,C:/Users/user/Desktop/DatasetFR/Actor_02/02-P13-07-02.aiff
female_fear,C:/Users/user/Desktop/DatasetFR/Actor_02/02-P14-07-02.aiff
female_fear,C:/Users/user/Desktop/DatasetFR/Actor_02/02-P15-07-02.aiff
female_fear,C:/Users/user/Desktop/DatasetFR/Actor_02/02-P16-07-02.aiff
female_fear,C:/Users/user/Desktop/DatasetFR/Actor_02/02-P21-07-02.aiff
female_fear,C:/Users/user/Desktop/DatasetFR/Actor_02/02-P22-07-02.aiff
female_fear,C:/Users/user/Desktop/DatasetFR/Actor_02/02-P23-07-02.aiff
female_fear,C:/Users/user/Desktop/DatasetFR/Actor_02/02-P24-07-02.aiff
female_fear,C:/Users/user/Desktop/DatasetFR/Actor_02/02-P25-07-02.aiff
female_fear,C:/Users/user/Desktop/DatasetFR/Actor_02/02-P26-07-02.aiff
female_surprise,C:/Users/user/Desktop/DatasetFR/Actor_02/02-S11-06-02.aiff
female_surprise,C:/Users/user/Desktop/DatasetFR/Actor_02/02-S12-06-02.aiff
female_surprise,C:/Users/user/Desktop/DatasetFR/Actor_02/02-S13-06-02.aiff
female_surprise,C:/Users/user/Desktop/DatasetFR/Actor_02/02-S14-06-02.aiff
female_surprise,C:/Users/user/Desktop/DatasetFR/Actor_02/02-S15-06-02.aiff
female_surprise,C:/Users/user/Desktop/DatasetFR/Actor_02/02-S16-06-02.aiff
female_surprise,C:/Users/user/Desktop/DatasetFR/Actor_02/02-S21-06-02.aiff
female_surprise,C:/Users/user/Desktop/DatasetFR/Actor_02/02-S22-06-02.aiff
female_surprise,C:/Users/user/Desktop/DatasetFR/Actor_02/02-S23-06-02.aiff
female_surprise,C:/Users/user/Desktop/DatasetFR/Actor_02/02-S24-06-02.aiff
female_surprise,C:/Users/user/Desktop/DatasetFR/Actor_02/02-S25-06-02.aiff
female_surprise,C:/Users/user/Desktop/DatasetFR/Actor_02/02-S26-06-02.aiff
female_sad,C:/Users/user/Desktop/DatasetFR/Actor_02/02-T11-04-02.aiff
female_sad,C:/Users/user/Desktop/DatasetFR/Actor_02/02-T12-04-02.aiff
female_sad,C:/Users/user/Desktop/DatasetFR/Actor_02/02-T13-04-02.aiff
female_sad,C:/Users/user/Desktop/DatasetFR/Actor_02/02-T14-04-02.aiff
female_sad,C:/Users/user/Desktop/DatasetFR/Actor_02/02-T15-04-02.aiff
female_sad,C:/Users/user/Desktop/DatasetFR/Actor_02/02-T16-04-02.aiff
female_sad,C:/Users/user/Desktop/DatasetFR/Actor_02/02-T21-04-02.aiff
female_sad,C:/Users/user/Desktop/DatasetFR/Actor_02/02-T22-04-02.aiff
female_sad,C:/Users/user/Desktop/DatasetFR/Actor_02/02-T23-04-02.aiff
female_sad,C:/Users/user/Desktop/DatasetFR/Actor_02/02-T24-04-02.aiff
female_sad,C:/Users/user/Desktop/DatasetFR/Actor_02/02-T25-04-02.aiff
female_sad,C:/Users/user/Desktop/DatasetFR/Actor_02/02-T26-04-02.aiff
male_angry,C:/Users/user/Desktop/DatasetFR/Actor_03/03-C11-05-01.aiff
male_angry,C:/Users/user/Desktop/DatasetFR/Actor_03/03-C12-05-01.aiff
male_angry,C:/Users/user/Desktop/DatasetFR/Actor_03/03-C13-05-01.aiff
male_angry,C:/Users/user/Desktop/DatasetFR/Actor_03/03-C14-05-01.aiff
male_angry,C:/Users/user/Desktop/DatasetFR/Actor_03/03-C15-05-01.aiff
male_angry,C:/Users/user/Desktop/DatasetFR/Actor_03/03-C16-05-01.aiff
male_angry,C:/Users/user/Desktop/DatasetFR/Actor_03/03-C21-05-01.aiff
male_angry,C:/Users/user/Desktop/DatasetFR/Actor_03/03-C22-05-01.aiff
male_angry,C:/Users/user/Desktop/DatasetFR/Actor_03/03-C23-05-01.aiff
male_angry,C:/Users/user/Desktop/DatasetFR/Actor_03/03-C24-05-01.aiff
male_angry,C:/Users/user/Desktop/DatasetFR/Actor_03/03-C25-05-01.aiff
male_angry,C:/Users/user/Desktop/DatasetFR/Actor_03/03-C26-05-01.aiff
male_disgust,C:/Users/user/Desktop/DatasetFR/Actor_03/03-D11-03-01.aiff
male_disgust,C:/Users/user/Desktop/DatasetFR/Actor_03/03-D12-03-01.aiff
male_disgust,C:/Users/user/Desktop/DatasetFR/Actor_03/03-D13-03-01.aiff
male_disgust,C:/Users/user/Desktop/DatasetFR/Actor_03/03-D14-03-01.aiff
male_disgust,C:/Users/user/Desktop/DatasetFR/Actor_03/03-D15-03-01.aiff
male_disgust,C:/Users/user/Desktop/DatasetFR/Actor_03/03-D16-03-01.aiff
male_disgust,C:/Users/user/Desktop/DatasetFR/Actor_03/03-D21-03-01.aiff
male_disgust,C:/Users/user/Desktop/DatasetFR/Actor_03/03-D22-03-01.aiff
male_disgust,C:/Users/user/Desktop/DatasetFR/Actor_03/03-D23-03-01.aiff
male_disgust,C:/Users/user/Desktop/DatasetFR/Actor_03/03-D24-03-01.aiff
male_disgust,C:/Users/user/Desktop/DatasetFR/Actor_03/03-D25-03-01.aiff
male_disgust,C:/Users/user/Desktop/DatasetFR/Actor_03/03-D26-03-01.aiff
male_happy,C:/Users/user/Desktop/DatasetFR/Actor_03/03-J11-02-01.aiff
male_happy,C:/Users/user/Desktop/DatasetFR/Actor_03/03-J12-02-01.aiff
male_happy,C:/Users/user/Desktop/DatasetFR/Actor_03/03-J13-02-01.aiff
male_happy,C:/Users/user/Desktop/DatasetFR/Actor_03/03-J14-02-01.aiff
male_happy,C:/Users/user/Desktop/DatasetFR/Actor_03/03-J15-02-01.aiff
male_happy,C:/Users/user/Desktop/DatasetFR/Actor_03/03-J16-02-01.aiff
male_happy,C:/Users/user/Desktop/DatasetFR/Actor_03/03-J21-02-01.aiff
male_happy,C:/Users/user/Desktop/DatasetFR/Actor_03/03-J22-02-01.aiff
male_happy,C:/Users/user/Desktop/DatasetFR/Actor_03/03-J23-02-01.aiff
male_happy,C:/Users/user/Desktop/DatasetFR/Actor_03/03-J24-02-01.aiff
male_happy,C:/Users/user/Desktop/DatasetFR/Actor_03/03-J25-02-01.aiff
male_happy,C:/Users/user/Desktop/DatasetFR/Actor_03/03-J26-02-01.aiff
male_neutral,C:/Users/user/Desktop/DatasetFR/Actor_03/03-N1-01-01.aiff
male_neutral,C:/Users/user/Desktop/DatasetFR/Actor_03/03-N2-01-01.aiff
male_neutral,C:/Users/user/Desktop/DatasetFR/Actor_03/03-N3-01-01.aiff
male_neutral,C:/Users/user/Desktop/DatasetFR/Actor_03/03-N4-01-01.aiff
male_neutral,C:/Users/user/Desktop/DatasetFR/Actor_03/03-N5-01-01.aiff
male_neutral,C:/Users/user/Desktop/DatasetFR/Actor_03/03-N6-01-01.aiff
male_fear,C:/Users/user/Desktop/DatasetFR/Actor_03/03-P11-07-01.aiff
male_fear,C:/Users/user/Desktop/DatasetFR/Actor_03/03-P12-07-01.aiff
male_fear,C:/Users/user/Desktop/DatasetFR/Actor_03/03-P13-07-01.aiff
male_fear,C:/Users/user/Desktop/DatasetFR/Actor_03/03-P14-07-01.aiff
male_fear,C:/Users/user/Desktop/DatasetFR/Actor_03/03-P15-07-01.aiff
male_fear,C:/Users/user/Desktop/DatasetFR/Actor_03/03-P16-07-01.aiff
male_fear,C:/Users/user/Desktop/DatasetFR/Actor_03/03-P21-07-01.aiff
male_fear,C:/Users/user/Desktop/DatasetFR/Actor_03/03-P22-07-01.aiff
male_fear,C:/Users/user/Desktop/DatasetFR/Actor_03/03-P23-07-01.aiff
male_fear,C:/Users/user/Desktop/DatasetFR/Actor_03/03-P24-07-01.aiff
male_fear,C:/Users/user/Desktop/DatasetFR/Actor_03/03-P25-07-01.aiff
male_fear,C:/Users/user/Desktop/DatasetFR/Actor_03/03-P26-07-01.aiff
male_surprise,C:/Users/user/Desktop/DatasetFR/Actor_03/03-S11-06-01.aiff
male_surprise,C:/Users/user/Desktop/DatasetFR/Actor_03/03-S12-06-01.aiff
male_surprise,C:/Users/user/Desktop/DatasetFR/Actor_03/03-S13-06-01.aiff
male_surprise,C:/Users/user/Desktop/DatasetFR/Actor_03/03-S14-06-01.aiff
male_surprise,C:/Users/user/Desktop/DatasetFR/Actor_03/03-S15-06-01.aiff
male_surprise,C:/Users/user/Desktop/DatasetFR/Actor_03/03-S16-06-01.aiff
male_surprise,C:/Users/user/Desktop/DatasetFR/Actor_03/03-S21-06-01.aiff
male_surprise,C:/Users/user/Desktop/DatasetFR/Actor_03/03-S22-06-01.aiff
male_surprise,C:/Users/user/Desktop/DatasetFR/Actor_03/03-S23-06-01.aiff
male_surprise,C:/Users/user/Desktop/DatasetFR/Actor_03/03-S24-06-01.aiff
male_surprise,C:/Users/user/Desktop/DatasetFR/Actor_03/03-S25-06-01.aiff
male_surprise,C:/Users/user/Desktop/DatasetFR/Actor_03/03-S26-06-01.aiff
male_sad,C:/Users/user/Desktop/DatasetFR/Actor_03/03-T11-04-01.aiff
male_sad,C:/Users/user/Desktop/DatasetFR/Actor_03/03-T12-04-01.aiff
male_sad,C:/Users/user/Desktop/DatasetFR/Actor_03/03-T13-04-01.aiff
male_sad,C:/Users/user/Desktop/DatasetFR/Actor_03/03-T14-04-01.aiff
male_sad,C:/Users/user/Desktop/DatasetFR/Actor_03/03-T15-04-01.aiff
male_sad,C:/Users/user/Desktop/DatasetFR/Actor_03/03-T16-04-01.aiff
male_sad,C:/Users/user/Desktop/DatasetFR/Actor_03/03-T21-04-01.aiff
male_sad,C:/Users/user/Desktop/DatasetFR/Actor_03/03-T22-04-01.aiff
male_sad,C:/Users/user/Desktop/DatasetFR/Actor_03/03-T23-04-01.aiff
male_sad,C:/Users/user/Desktop/DatasetFR/Actor_03/03-T24-04-01.aiff
male_sad,C:/Users/user/Desktop/DatasetFR/Actor_03/03-T25-04-01.aiff
male_sad,C:/Users/user/Desktop/DatasetFR/Actor_03/03-T26-04-01.aiff
female_angry,C:/Users/user/Desktop/DatasetFR/Actor_04/04-C11-05-02.aiff
female_angry,C:/Users/user/Desktop/DatasetFR/Actor_04/04-C12-05-02.aiff
female_angry,C:/Users/user/Desktop/DatasetFR/Actor_04/04-C13-05-02.aiff
female_angry,C:/Users/user/Desktop/DatasetFR/Actor_04/04-C14-05-02.aiff
female_angry,C:/Users/user/Desktop/DatasetFR/Actor_04/04-C15-05-02.aiff
female_angry,C:/Users/user/Desktop/DatasetFR/Actor_04/04-C16-05-02.aiff
female_angry,C:/Users/user/Desktop/DatasetFR/Actor_04/04-C21-05-02.aiff
female_angry,C:/Users/user/Desktop/DatasetFR/Actor_04/04-C22-05-02.aiff
female_angry,C:/Users/user/Desktop/DatasetFR/Actor_04/04-C23-05-02.aiff
female_angry,C:/Users/user/Desktop/DatasetFR/Actor_04/04-C24-05-02.aiff
female_angry,C:/Users/user/Desktop/DatasetFR/Actor_04/04-C25-05-02.aiff
female_angry,C:/Users/user/Desktop/DatasetFR/Actor_04/04-C26-05-02.aiff
female_disgust,C:/Users/user/Desktop/DatasetFR/Actor_04/04-D11-03-02.aiff
female_disgust,C:/Users/user/Desktop/DatasetFR/Actor_04/04-D12-03-02.aiff
female_disgust,C:/Users/user/Desktop/DatasetFR/Actor_04/04-D13-03-02.aiff
female_disgust,C:/Users/user/Desktop/DatasetFR/Actor_04/04-D14-03-02.aiff
female_disgust,C:/Users/user/Desktop/DatasetFR/Actor_04/04-D15-03-02.aiff
female_disgust,C:/Users/user/Desktop/DatasetFR/Actor_04/04-D16-03-02.aiff
female_disgust,C:/Users/user/Desktop/DatasetFR/Actor_04/04-D21-03-02.aiff
female_disgust,C:/Users/user/Desktop/DatasetFR/Actor_04/04-D22-03-02.aiff
female_disgust,C:/Users/user/Desktop/DatasetFR/Actor_04/04-D23-03-02.aiff
female_disgust,C:/Users/user/Desktop/DatasetFR/Actor_04/04-D24-03-02.aiff
female_disgust,C:/Users/user/Desktop/DatasetFR/Actor_04/04-D25-03-02.aiff
female_disgust,C:/Users/user/Desktop/DatasetFR/Actor_04/04-D26-03-02.aiff
female_happy,C:/Users/user/Desktop/DatasetFR/Actor_04/04-J11-02-02.aiff
female_happy,C:/Users/user/Desktop/DatasetFR/Actor_04/04-J12-02-02.aiff
female_happy,C:/Users/user/Desktop/DatasetFR/Actor_04/04-J13-02-02.aiff
female_happy,C:/Users/user/Desktop/DatasetFR/Actor_04/04-J14-02-02.aiff
female_happy,C:/Users/user/Desktop/DatasetFR/Actor_04/04-J15-02-02.aiff
female_happy,C:/Users/user/Desktop/DatasetFR/Actor_04/04-J16-02-02.aiff
female_happy,C:/Users/user/Desktop/DatasetFR/Actor_04/04-J21-02-02.aiff
female_happy,C:/Users/user/Desktop/DatasetFR/Actor_04/04-J22-02-02.aiff
female_happy,C:/Users/user/Desktop/DatasetFR/Actor_04/04-J23-02-02.aiff
female_happy,C:/Users/user/Desktop/DatasetFR/Actor_04/04-J24-02-02.aiff
female_happy,C:/Users/user/Desktop/DatasetFR/Actor_04/04-J25-02-02.aiff
female_happy,C:/Users/user/Desktop/DatasetFR/Actor_04/04-J26-02-02.aiff
female_neutral,C:/Users/user/Desktop/DatasetFR/Actor_04/04-N1-01-02.aiff
female_neutral,C:/Users/user/Desktop/DatasetFR/Actor_04/04-N2-01-02.aiff
female_neutral,C:/Users/user/Desktop/DatasetFR/Actor_04/04-N3-01-02.aiff
female_neutral,C:/Users/user/Desktop/DatasetFR/Actor_04/04-N4-01-02.aiff
female_neutral,C:/Users/user/Desktop/DatasetFR/Actor_04/04-N5-01-02.aiff
female_neutral,C:/Users/user/Desktop/DatasetFR/Actor_04/04-N6-01-02.aiff
female_fear,C:/Users/user/Desktop/DatasetFR/Actor_04/04-P11-07-02.aiff
female_fear,C:/Users/user/Desktop/DatasetFR/Actor_04/04-P12-07-02.aiff
female_fear,C:/Users/user/Desktop/DatasetFR/Actor_04/04-P13-07-02.aiff
female_fear,C:/Users/user/Desktop/DatasetFR/Actor_04/04-P14-07-02.aiff
female_fear,C:/Users/user/Desktop/DatasetFR/Actor_04/04-P15-07-02.aiff
female_fear,C:/Users/user/Desktop/DatasetFR/Actor_04/04-P16-07-02.aiff
female_fear,C:/Users/user/Desktop/DatasetFR/Actor_04/04-P21-07-02.aiff
female_fear,C:/Users/user/Desktop/DatasetFR/Actor_04/04-P22-07-02.aiff
female_fear,C:/Users/user/Desktop/DatasetFR/Actor_04/04-P23-07-02.aiff
female_fear,C:/Users/user/Desktop/DatasetFR/Actor_04/04-P24-07-02.aiff
female_fear,C:/Users/user/Desktop/DatasetFR/Actor_04/04-P25-07-02.aiff
female_fear,C:/Users/user/Desktop/DatasetFR/Actor_04/04-P26-07-02.aiff
female_surprise,C:/Users/user/Desktop/DatasetFR/Actor_04/04-S11-06-02.aiff
female_surprise,C:/Users/user/Desktop/DatasetFR/Actor_04/04-S12-06-02.aiff
female_surprise,C:/Users/user/Desktop/DatasetFR/Actor_04/04-S13-06-02.aiff
female_surprise,C:/Users/user/Desktop/DatasetFR/Actor_04/04-S14-06-02.aiff
female_surprise,C:/Users/user/Desktop/DatasetFR/Actor_04/04-S15-06-02.aiff
female_surprise,C:/Users/user/Desktop/DatasetFR/Actor_04/04-S16-06-02.aiff
female_surprise,C:/Users/user/Desktop/DatasetFR/Actor_04/04-S21-06-02.aiff
female_surprise,C:/Users/user/Desktop/DatasetFR/Actor_04/04-S22-06-02.aiff
female_surprise,C:/Users/user/Desktop/DatasetFR/Actor_04/04-S23-06-02.aiff
female_surprise,C:/Users/user/Desktop/DatasetFR/Actor_04/04-S24-06-02.aiff
female_surprise,C:/Users/user/Desktop/DatasetFR/Actor_04/04-S25-06-02.aiff
female_surprise,C:/Users/user/Desktop/DatasetFR/Actor_04/04-S26-06-02.aiff
female_sad,C:/Users/user/Desktop/DatasetFR/Actor_04/04-T11-04-02.aiff
female_sad,C:/Users/user/Desktop/DatasetFR/Actor_04/04-T12-04-02.aiff
female_sad,C:/Users/user/Desktop/DatasetFR/Actor_04/04-T13-04-02.aiff
female_sad,C:/Users/user/Desktop/DatasetFR/Actor_04/04-T14-04-02.aiff
female_sad,C:/Users/user/Desktop/DatasetFR/Actor_04/04-T15-04-02.aiff
female_sad,C:/Users/user/Desktop/DatasetFR/Actor_04/04-T16-04-02.aiff
female_sad,C:/Users/user/Desktop/DatasetFR/Actor_04/04-T21-04-02.aiff
female_sad,C:/Users/user/Desktop/DatasetFR/Actor_04/04-T22-04-02.aiff
female_sad,C:/Users/user/Desktop/DatasetFR/Actor_04/04-T23-04-02.aiff
female_sad,C:/Users/user/Desktop/DatasetFR/Actor_04/04-T24-04-02.aiff
female_sad,C:/Users/user/Desktop/DatasetFR/Actor_04/04-T25-04-02.aiff
female_sad,C:/Users/user/Desktop/DatasetFR/Actor_04/04-T26-04-02.aiff
male_angry,C:/Users/user/Desktop/DatasetFR/Actor_05/05-C11-05-01.aiff
male_angry,C:/Users/user/Desktop/DatasetFR/Actor_05/05-C12-05-01.aiff
male_angry,C:/Users/user/Desktop/DatasetFR/Actor_05/05-C13-05-01.aiff
male_angry,C:/Users/user/Desktop/DatasetFR/Actor_05/05-C14-05-01.aiff
male_angry,C:/Users/user/Desktop/DatasetFR/Actor_05/05-C15-05-01.aiff
male_angry,C:/Users/user/Desktop/DatasetFR/Actor_05/05-C16-05-01.aiff
male_angry,C:/Users/user/Desktop/DatasetFR/Actor_05/05-C21-05-01.aiff
male_angry,C:/Users/user/Desktop/DatasetFR/Actor_05/05-C22-05-01.aiff
male_angry,C:/Users/user/Desktop/DatasetFR/Actor_05/05-C23-05-01.aiff
male_angry,C:/Users/user/Desktop/DatasetFR/Actor_05/05-C24-05-01.aiff
male_angry,C:/Users/user/Desktop/DatasetFR/Actor_05/05-C25-05-01.aiff
male_angry,C:/Users/user/Desktop/DatasetFR/Actor_05/05-C26-05-01.aiff
male_disgust,C:/Users/user/Desktop/DatasetFR/Actor_05/05-D11-03-01.aiff
male_disgust,C:/Users/user/Desktop/DatasetFR/Actor_05/05-D12-03-01.aiff
male_disgust,C:/Users/user/Desktop/DatasetFR/Actor_05/05-D13-03-01.aiff
male_disgust,C:/Users/user/Desktop/DatasetFR/Actor_05/05-D14-03-01.aiff
male_disgust,C:/Users/user/Desktop/DatasetFR/Actor_05/05-D15-03-01.aiff
male_disgust,C:/Users/user/Desktop/DatasetFR/Actor_05/05-D16-03-01.aiff
male_disgust,C:/Users/user/Desktop/DatasetFR/Actor_05/05-D21-03-01.aiff
male_disgust,C:/Users/user/Desktop/DatasetFR/Actor_05/05-D22-03-01.aiff
male_disgust,C:/Users/user/Desktop/DatasetFR/Actor_05/05-D23-03-01.aiff
male_disgust,C:/Users/user/Desktop/DatasetFR/Actor_05/05-D24-03-01.aiff
male_disgust,C:/Users/user/Desktop/DatasetFR/Actor_05/05-D25-03-01.aiff
male_disgust,C:/Users/user/Desktop/DatasetFR/Actor_05/05-D26-03-01.aiff
male_happy,C:/Users/user/Desktop/DatasetFR/Actor_05/05-J11-02-01.aiff
male_happy,C:/Users/user/Desktop/DatasetFR/Actor_05/05-J12-02-01.aiff
male_happy,C:/Users/user/Desktop/DatasetFR/Actor_05/05-J13-02-01.aiff
male_happy,C:/Users/user/Desktop/DatasetFR/Actor_05/05-J14-02-01.aiff
male_happy,C:/Users/user/Desktop/DatasetFR/Actor_05/05-J15-02-01.aiff
male_happy,C:/Users/user/Desktop/DatasetFR/Actor_05/05-J16-02-01.aiff
male_happy,C:/Users/user/Desktop/DatasetFR/Actor_05/05-J21-02-01.aiff
male_happy,C:/Users/user/Desktop/DatasetFR/Actor_05/05-J22-02-01.aiff
male_happy,C:/Users/user/Desktop/DatasetFR/Actor_05/05-J23-02-01.aiff
male_happy,C:/Users/user/Desktop/DatasetFR/Actor_05/05-J24-02-01.aiff
male_happy,C:/Users/user/Desktop/DatasetFR/Actor_05/05-J25-02-01.aiff
male_happy,C:/Users/user/Desktop/DatasetFR/Actor_05/05-J26-02-01.aiff
male_neutral,C:/Users/user/Desktop/DatasetFR/Actor_05/05-N1-01-01.aiff
male_neutral,C:/Users/user/Desktop/DatasetFR/Actor_05/05-N2-01-01.aiff
male_neutral,C:/Users/user/Desktop/DatasetFR/Actor_05/05-N3-01-01.aiff
male_neutral,C:/Users/user/Desktop/DatasetFR/Actor_05/05-N4-01-01.aiff
male_neutral,C:/Users/user/Desktop/DatasetFR/Actor_05/05-N5-01-01.aiff
male_neutral,C:/Users/user/Desktop/DatasetFR/Actor_05/05-N6-01-01.aiff
male_fear,C:/Users/user/Desktop/DatasetFR/Actor_05/05-P11-07-01.aiff
male_fear,C:/Users/user/Desktop/DatasetFR/Actor_05/05-P12-07-01.aiff
male_fear,C:/Users/user/Desktop/DatasetFR/Actor_05/05-P13-07-01.aiff
male_fear,C:/Users/user/Desktop/DatasetFR/Actor_05/05-P14-07-01.aiff
male_fear,C:/Users/user/Desktop/DatasetFR/Actor_05/05-P15-07-01.aiff
male_fear,C:/Users/user/Desktop/DatasetFR/Actor_05/05-P16-07-01.aiff
male_fear,C:/Users/user/Desktop/DatasetFR/Actor_05/05-P21-07-01.aiff
male_fear,C:/Users/user/Desktop/DatasetFR/Actor_05/05-P22-07-01.aiff
male_fear,C:/Users/user/Desktop/DatasetFR/Actor_05/05-P23-07-01.aiff
male_fear,C:/Users/user/Desktop/DatasetFR/Actor_05/05-P24-07-01.aiff
male_fear,C:/Users/user/Desktop/DatasetFR/Actor_05/05-P25-07-01.aiff
male_fear,C:/Users/user/Desktop/DatasetFR/Actor_05/05-P26-07-01.aiff
male_surprise,C:/Users/user/Desktop/DatasetFR/Actor_05/05-S11-06-01.aiff
male_surprise,C:/Users/user/Desktop/DatasetFR/Actor_05/05-S12-06-01.aiff
male_surprise,C:/Users/user/Desktop/DatasetFR/Actor_05/05-S13-06-01.aiff
male_surprise,C:/Users/user/Desktop/DatasetFR/Actor_05/05-S14-06-01.aiff
male_surprise,C:/Users/user/Desktop/DatasetFR/Actor_05/05-S15-06-01.aiff
male_surprise,C:/Users/user/Desktop/DatasetFR/Actor_05/05-S16-06-01.aiff
male_surprise,C:/Users/user/Desktop/DatasetFR/Actor_05/05-S21-06-01.aiff
male_surprise,C:/Users/user/Desktop/DatasetFR/Actor_05/05-S22-06-01.aiff
male_surprise,C:/Users/user/Desktop/DatasetFR/Actor_05/05-S23-06-01.aiff
male_surprise,C:/Users/user/Desktop/DatasetFR/Actor_05/05-S24-06-01.aiff
male_surprise,C:/Users/user/Desktop/DatasetFR/Actor_05/05-S25-06-01.aiff
male_surprise,C:/Users/user/Desktop/DatasetFR/Actor_05/05-S26-06-01.aiff
male_sad,C:/Users/user/Desktop/DatasetFR/Actor_05/05-T11-04-01.aiff
male_sad,C:/Users/user/Desktop/DatasetFR/Actor_05/05-T12-04-01.aiff
male_sad,C:/Users/user/Desktop/DatasetFR/Actor_05/05-T13-04-01.aiff
male_sad,C:/Users/user/Desktop/DatasetFR/Actor_05/05-T14-04-01.aiff
male_sad,C:/Users/user/Desktop/DatasetFR/Actor_05/05-T15-04-01.aiff
male_sad,C:/Users/user/Desktop/DatasetFR/Actor_05/05-T16-04-01.aiff
male_sad,C:/Users/user/Desktop/DatasetFR/Actor_05/05-T21-04-01.aiff
male_sad,C:/Users/user/Desktop/DatasetFR/Actor_05/05-T22-04-01.aiff
male_sad,C:/Users/user/Desktop/DatasetFR/Actor_05/05-T23-04-01.aiff
male_sad,C:/Users/user/Desktop/DatasetFR/Actor_05/05-T24-04-01.aiff
male_sad,C:/Users/user/Desktop/DatasetFR/Actor_05/05-T25-04-01.aiff
male_sad,C:/Users/user/Desktop/DatasetFR/Actor_05/05-T26-04-01.aiff
female_angry,C:/Users/user/Desktop/DatasetFR/Actor_06/06-C11-05-02.aiff
female_angry,C:/Users/user/Desktop/DatasetFR/Actor_06/06-C12-05-02.aiff
female_angry,C:/Users/user/Desktop/DatasetFR/Actor_06/06-C13-05-02.aiff
female_angry,C:/Users/user/Desktop/DatasetFR/Actor_06/06-C14-05-02.aiff
female_angry,C:/Users/user/Desktop/DatasetFR/Actor_06/06-C15-05-02.aiff
female_angry,C:/Users/user/Desktop/DatasetFR/Actor_06/06-C16-05-02.aiff
female_angry,C:/Users/user/Desktop/DatasetFR/Actor_06/06-C21-05-02.aiff
female_angry,C:/Users/user/Desktop/DatasetFR/Actor_06/06-C22-05-02.aiff
female_angry,C:/Users/user/Desktop/DatasetFR/Actor_06/06-C23-05-02.aiff
female_angry,C:/Users/user/Desktop/DatasetFR/Actor_06/06-C24-05-02.aiff
female_angry,C:/Users/user/Desktop/DatasetFR/Actor_06/06-C25-05-02.aiff
female_angry,C:/Users/user/Desktop/DatasetFR/Actor_06/06-C26-05-02.aiff
female_disgust,C:/Users/user/Desktop/DatasetFR/Actor_06/06-D11-03-02.aiff
female_disgust,C:/Users/user/Desktop/DatasetFR/Actor_06/06-D12-03-02.aiff
female_disgust,C:/Users/user/Desktop/DatasetFR/Actor_06/06-D13-03-02.aiff
female_disgust,C:/Users/user/Desktop/DatasetFR/Actor_06/06-D14-03-02.aiff
female_disgust,C:/Users/user/Desktop/DatasetFR/Actor_06/06-D15-03-02.aiff
female_disgust,C:/Users/user/Desktop/DatasetFR/Actor_06/06-D16-03-02.aiff
female_disgust,C:/Users/user/Desktop/DatasetFR/Actor_06/06-D21-03-02.aiff
female_disgust,C:/Users/user/Desktop/DatasetFR/Actor_06/06-D22-03-02.aiff
female_disgust,C:/Users/user/Desktop/DatasetFR/Actor_06/06-D23-03-02.aiff
female_disgust,C:/Users/user/Desktop/DatasetFR/Actor_06/06-D24-03-02.aiff
female_disgust,C:/Users/user/Desktop/DatasetFR/Actor_06/06-D25-03-02.aiff
female_disgust,C:/Users/user/Desktop/DatasetFR/Actor_06/06-D26-03-02.aiff
female_happy,C:/Users/user/Desktop/DatasetFR/Actor_06/06-J11-02-02.aiff
female_happy,C:/Users/user/Desktop/DatasetFR/Actor_06/06-J12-02-02.aiff
female_happy,C:/Users/user/Desktop/DatasetFR/Actor_06/06-J13-02-02.aiff
female_happy,C:/Users/user/Desktop/DatasetFR/Actor_06/06-J14-02-02.aiff
female_happy,C:/Users/user/Desktop/DatasetFR/Actor_06/06-J15-02-02.aiff
female_happy,C:/Users/user/Desktop/DatasetFR/Actor_06/06-J16-02-02.aiff
female_happy,C:/Users/user/Desktop/DatasetFR/Actor_06/06-J21-02-02.aiff
female_happy,C:/Users/user/Desktop/DatasetFR/Actor_06/06-J22-02-02.aiff
female_happy,C:/Users/user/Desktop/DatasetFR/Actor_06/06-J23-02-02.aiff
female_happy,C:/Users/user/Desktop/DatasetFR/Actor_06/06-J24-02-02.aiff
female_happy,C:/Users/user/Desktop/DatasetFR/Actor_06/06-J25-02-02.aiff
female_happy,C:/Users/user/Desktop/DatasetFR/Actor_06/06-J26-02-02.aiff
female_neutral,C:/Users/user/Desktop/DatasetFR/Actor_06/06-N1-01-02.aiff
female_neutral,C:/Users/user/Desktop/DatasetFR/Actor_06/06-N2-01-02.aiff
female_neutral,C:/Users/user/Desktop/DatasetFR/Actor_06/06-N3-01-02.aiff
female_neutral,C:/Users/user/Desktop/DatasetFR/Actor_06/06-N4-01-02.aiff
female_neutral,C:/Users/user/Desktop/DatasetFR/Actor_06/06-N5-01-02.aiff
female_neutral,C:/Users/user/Desktop/DatasetFR/Actor_06/06-N6-01-02.aiff
female_fear,C:/Users/user/Desktop/DatasetFR/Actor_06/06-P13-07-02.aiff
female_fear,C:/Users/user/Desktop/DatasetFR/Actor_06/06-P14-07-02.aiff
female_fear,C:/Users/user/Desktop/DatasetFR/Actor_06/06-P15-07-02.aiff
female_fear,C:/Users/user/Desktop/DatasetFR/Actor_06/06-P16-07-02.aiff
female_fear,C:/Users/user/Desktop/DatasetFR/Actor_06/06-P21-07-02.aiff
female_fear,C:/Users/user/Desktop/DatasetFR/Actor_06/06-P22-07-02.aiff
female_fear,C:/Users/user/Desktop/DatasetFR/Actor_06/06-P23-07-02.aiff
female_fear,C:/Users/user/Desktop/DatasetFR/Actor_06/06-P24-07-02.aiff
female_fear,C:/Users/user/Desktop/DatasetFR/Actor_06/06-P25-07-02.aiff
female_fear,C:/Users/user/Desktop/DatasetFR/Actor_06/06-P26-07-02.aiff
female_surprise,C:/Users/user/Desktop/DatasetFR/Actor_06/06-S11-06-02.aiff
female_surprise,C:/Users/user/Desktop/DatasetFR/Actor_06/06-S12-06-02.aiff
female_surprise,C:/Users/user/Desktop/DatasetFR/Actor_06/06-S13-06-02.aiff
female_surprise,C:/Users/user/Desktop/DatasetFR/Actor_06/06-S14-06-02.aiff
female_surprise,C:/Users/user/Desktop/DatasetFR/Actor_06/06-S15-06-02.aiff
female_surprise,C:/Users/user/Desktop/DatasetFR/Actor_06/06-S16-06-02.aiff
female_surprise,C:/Users/user/Desktop/DatasetFR/Actor_06/06-S21-06-02.aiff
female_surprise,C:/Users/user/Desktop/DatasetFR/Actor_06/06-S22-06-02.aiff
female_surprise,C:/Users/user/Desktop/DatasetFR/Actor_06/06-S23-06-02.aiff
female_surprise,C:/Users/user/Desktop/DatasetFR/Actor_06/06-S24-06-02.aiff
female_surprise,C:/Users/user/Desktop/DatasetFR/Actor_06/06-S25-06-02.aiff
female_surprise,C:/Users/user/Desktop/DatasetFR/Actor_06/06-S26-06-02.aiff
female_sad,C:/Users/user/Desktop/DatasetFR/Actor_06/06-T11-04-02.aiff
female_sad,C:/Users/user/Desktop/DatasetFR/Actor_06/06-T12-04-02.aiff
female_sad,C:/Users/user/Desktop/DatasetFR/Actor_06/06-T13-04-02.aiff
female_sad,C:/Users/user/Desktop/DatasetFR/Actor_06/06-T14-04-02.aiff
female_sad,C:/Users/user/Desktop/DatasetFR/Actor_06/06-T15-04-02.aiff
female_sad,C:/Users/user/Desktop/DatasetFR/Actor_06/06-T16-04-02.aiff
female_sad,C:/Users/user/Desktop/DatasetFR/Actor_06/06-T21-04-02.aiff
female_sad,C:/Users/user/Desktop/DatasetFR/Actor_06/06-T22-04-02.aiff
female_sad,C:/Users/user/Desktop/DatasetFR/Actor_06/06-T23-04-02.aiff
female_sad,C:/Users/user/Desktop/DatasetFR/Actor_06/06-T24-04-02.aiff
female_sad,C:/Users/user/Desktop/DatasetFR/Actor_06/06-T25-04-02.aiff
female_sad,C:/Users/user/Desktop/DatasetFR/Actor_06/06-T26-04-02.aiff
male_angry,C:/Users/user/Desktop/DatasetFR/Actor_07/07-18-05-01.wav
male_angry,C:/Users/user/Desktop/DatasetFR/Actor_07/07-19-05-01.wav
male_angry,C:/Users/user/Desktop/DatasetFR/Actor_07/07-20-05-01.wav
male_angry,C:/Users/user/Desktop/DatasetFR/Actor_07/07-25-05-01.wav
male_angry,C:/Users/user/Desktop/DatasetFR/Actor_07/07-47-05-01.wav
male_angry,C:/Users/user/Desktop/DatasetFR/Actor_07/07-49-05-01.wav
male_neutral,C:/Users/user/Desktop/DatasetFR/Actor_07/07-76-01-01.wav
male_neutral,C:/Users/user/Desktop/DatasetFR/Actor_07/07-a-01-01.wav
male_happy,C:/Users/user/Desktop/DatasetFR/Actor_07/07-a-02-01.wav
male_fear,C:/Users/user/Desktop/DatasetFR/Actor_07/07-a01Pa-07-01.wav
male_surprise,C:/Users/user/Desktop/DatasetFR/Actor_07/07-a01Sa-06-01.wav
male_sad,C:/Users/user/Desktop/DatasetFR/Actor_07/07-a01Ta-04-01.wav
male_neutral,C:/Users/user/Desktop/DatasetFR/Actor_07/07-a02-01-01.wav
male_disgust,C:/Users/user/Desktop/DatasetFR/Actor_07/07-a02-03-01.wav
male_sad,C:/Users/user/Desktop/DatasetFR/Actor_07/07-a02-04-01.wav
male_fear,C:/Users/user/Desktop/DatasetFR/Actor_07/07-a02Pa-07-01.wav
male_surprise,C:/Users/user/Desktop/DatasetFR/Actor_07/07-a02Sa-06-01.wav
male_disgust,C:/Users/user/Desktop/DatasetFR/Actor_07/07-a03-03-01.wav
male_fear,C:/Users/user/Desktop/DatasetFR/Actor_07/07-a03Pa-07-01.wav
male_sad,C:/Users/user/Desktop/DatasetFR/Actor_07/07-a03Ta-04-01.wav
male_disgust,C:/Users/user/Desktop/DatasetFR/Actor_07/07-a04-03-01.wav
male_fear,C:/Users/user/Desktop/DatasetFR/Actor_07/07-a04Pa-07-01.wav
male_sad,C:/Users/user/Desktop/DatasetFR/Actor_07/07-a04Ta-04-01.wav
male_happy,C:/Users/user/Desktop/DatasetFR/Actor_07/07-a09-02-01.wav
male_disgust,C:/Users/user/Desktop/DatasetFR/Actor_07/07-a09-03-01.wav
male_fear,C:/Users/user/Desktop/DatasetFR/Actor_07/07-a09Pa-07-01.wav
male_surprise,C:/Users/user/Desktop/DatasetFR/Actor_07/07-a09Sa-06-01.wav
male_sad,C:/Users/user/Desktop/DatasetFR/Actor_07/07-a09Ta-04-01.wav
male_happy,C:/Users/user/Desktop/DatasetFR/Actor_07/07-a1-02-01.wav
male_happy,C:/Users/user/Desktop/DatasetFR/Actor_07/07-a10-02-01.wav
male_disgust,C:/Users/user/Desktop/DatasetFR/Actor_07/07-a10-03-01.wav
male_fear,C:/Users/user/Desktop/DatasetFR/Actor_07/07-a10Pa-07-01.wav
male_surprise,C:/Users/user/Desktop/DatasetFR/Actor_07/07-a10Sa-06-01.wav
male_sad,C:/Users/user/Desktop/DatasetFR/Actor_07/07-a10Ta-04-01.wav
male_neutral,C:/Users/user/Desktop/DatasetFR/Actor_07/07-b-01-01.wav
male_happy,C:/Users/user/Desktop/DatasetFR/Actor_07/07-b-02-01.wav
male_neutral,C:/Users/user/Desktop/DatasetFR/Actor_07/07-c-01-01.wav
male_happy,C:/Users/user/Desktop/DatasetFR/Actor_07/07-c-02-01.wav
male_neutral,C:/Users/user/Desktop/DatasetFR/Actor_07/07-d-01-01.wav
male_surprise,C:/Users/user/Desktop/DatasetFR/Actor_07/07-z03Sa-06-01.wav
male_surprise,C:/Users/user/Desktop/DatasetFR/Actor_07/07-z04Sa-06-01.wav
male_neutral,C:/Users/user/Desktop/DatasetFR/Actor_08/08-a01Na-01-01.wav
male_sad,C:/Users/user/Desktop/DatasetFR/Actor_08/08-a01Ta-04-01.wav
male_disgust,C:/Users/user/Desktop/DatasetFR/Actor_08/08-a02Da-03-01.wav
male_happy,C:/Users/user/Desktop/DatasetFR/Actor_08/08-a02Ja-02-01.wav
male_angry,C:/Users/user/Desktop/DatasetFR/Actor_08/08-a03Ca-05-01.wav
male_disgust,C:/Users/user/Desktop/DatasetFR/Actor_08/08-a03Da-03-01.wav
male_fear,C:/Users/user/Desktop/DatasetFR/Actor_08/08-a03Pa-07-01.wav
male_angry,C:/Users/user/Desktop/DatasetFR/Actor_08/08-a04Ca-05-01.wav
male_happy,C:/Users/user/Desktop/DatasetFR/Actor_08/08-a04Ja-02-01.wav
male_sad,C:/Users/user/Desktop/DatasetFR/Actor_08/08-a05Ta-04-01.wav
male_surprise,C:/Users/user/Desktop/DatasetFR/Actor_08/08-a06Sa-06-01.wav
male_surprise,C:/Users/user/Desktop/DatasetFR/Actor_08/08-a08Sa-06-01.wav
male_fear,C:/Users/user/Desktop/DatasetFR/Actor_08/08-a09Pa-07-01.wav
male_neutral,C:/Users/user/Desktop/DatasetFR/Actor_08/08-a11Na-01-01.wav
male_angry,C:/Users/user/Desktop/DatasetFR/Actor_09/09-a05Ca-05-01.wav
male_disgust,C:/Users/user/Desktop/DatasetFR/Actor_09/09-a05Da-03-01.wav
male_happy,C:/Users/user/Desktop/DatasetFR/Actor_09/09-a05Ja-02-01.wav
male_neutral,C:/Users/user/Desktop/DatasetFR/Actor_09/09-a05Na-01-01.wav
male_fear,C:/Users/user/Desktop/DatasetFR/Actor_09/09-a05Pa-07-01.wav
male_surprise,C:/Users/user/Desktop/DatasetFR/Actor_09/09-a05Sa-06-01.wav
male_sad,C:/Users/user/Desktop/DatasetFR/Actor_09/09-a05Ta-04-01.wav
male_angry,C:/Users/user/Desktop/DatasetFR/Actor_09/09-a06Ca-05-01.wav
male_disgust,C:/Users/user/Desktop/DatasetFR/Actor_09/09-a06Da-03-01.wav
male_happy,C:/Users/user/Desktop/DatasetFR/Actor_09/09-a06Ja-02-01.wav
male_neutral,C:/Users/user/Desktop/DatasetFR/Actor_09/09-a06Na-01-01.wav
male_fear,C:/Users/user/Desktop/DatasetFR/Actor_09/09-a06Pa-07-01.wav
male_surprise,C:/Users/user/Desktop/DatasetFR/Actor_09/09-a06Sa-06-01.wav
male_sad,C:/Users/user/Desktop/DatasetFR/Actor_09/09-a06Ta-04-01.wav
female_happy,C:/Users/user/Desktop/DatasetFR/Actor_10/10-45-02-02.wav
female_happy,C:/Users/user/Desktop/DatasetFR/Actor_10/10-46-02-02.wav
female_angry,C:/Users/user/Desktop/DatasetFR/Actor_10/10-47-05-02.wav
female_disgust,C:/Users/user/Desktop/DatasetFR/Actor_10/10-48-03-02.wav
female_angry,C:/Users/user/Desktop/DatasetFR/Actor_10/10-49-05-02.wav
female_disgust,C:/Users/user/Desktop/DatasetFR/Actor_10/10-50-03-02.wav
female_neutral,C:/Users/user/Desktop/DatasetFR/Actor_10/10-a01Na-01-02.wav
female_fear,C:/Users/user/Desktop/DatasetFR/Actor_10/10-a01Pa-07-02.wav
female_surprise,C:/Users/user/Desktop/DatasetFR/Actor_10/10-a01Sa-06-02.wav
female_sad,C:/Users/user/Desktop/DatasetFR/Actor_10/10-a01Ta-04-02.wav
female_neutral,C:/Users/user/Desktop/DatasetFR/Actor_10/10-a02Na-01-02.wav
female_fear,C:/Users/user/Desktop/DatasetFR/Actor_10/10-a02Pa-07-02.wav
female_surprise,C:/Users/user/Desktop/DatasetFR/Actor_10/10-a02Sa-06-02.wav
female_sad,C:/Users/user/Desktop/DatasetFR/Actor_10/10-a02Ta-04-02.wav
female_angry,C:/Users/user/Desktop/DatasetFR/Actor_11/11-a01Ca-05-02.wav
female_disgust,C:/Users/user/Desktop/DatasetFR/Actor_11/11-a01Da-03-02.wav
female_happy,C:/Users/user/Desktop/DatasetFR/Actor_11/11-a01Ja-02-02.wav
female_neutral,C:/Users/user/Desktop/DatasetFR/Actor_11/11-a01Na-01-02.wav
female_fear,C:/Users/user/Desktop/DatasetFR/Actor_11/11-a01Pa-07-02.wav
female_surprise,C:/Users/user/Desktop/DatasetFR/Actor_11/11-a01Sa-06-02.wav
female_sad,C:/Users/user/Desktop/DatasetFR/Actor_11/11-a01Ta-04-02.wav
female_angry,C:/Users/user/Desktop/DatasetFR/Actor_11/11-a02Ca-05-02.wav
female_disgust,C:/Users/user/Desktop/DatasetFR/Actor_11/11-a02Da-03-02.wav
female_happy,C:/Users/user/Desktop/DatasetFR/Actor_11/11-a02Ja-02-02.wav
female_neutral,C:/Users/user/Desktop/DatasetFR/Actor_11/11-a02Na-01-02.wav
female_fear,C:/Users/user/Desktop/DatasetFR/Actor_11/11-a02Pa-07-02.wav
female_surprise,C:/Users/user/Desktop/DatasetFR/Actor_11/11-a02Sa-06-02.wav
female_sad,C:/Users/user/Desktop/DatasetFR/Actor_11/11-a02Ta-04-02.wav
female_angry,C:/Users/user/Desktop/DatasetFR/Actor_11/11-a03Ca-05-02.wav
female_disgust,C:/Users/user/Desktop/DatasetFR/Actor_11/11-a03Da-03-02.wav
female_happy,C:/Users/user/Desktop/DatasetFR/Actor_11/11-a03Ja-02-02.wav
female_neutral,C:/Users/user/Desktop/DatasetFR/Actor_11/11-a03Na-01-02.wav
female_fear,C:/Users/user/Desktop/DatasetFR/Actor_11/11-a03Pa-07-02.wav
female_surprise,C:/Users/user/Desktop/DatasetFR/Actor_11/11-a03Sa-06-02.wav
female_angry,C:/Users/user/Desktop/DatasetFR/Actor_11/11-a04Ca-05-02.wav
female_disgust,C:/Users/user/Desktop/DatasetFR/Actor_11/11-a04Da-03-02.wav
female_happy,C:/Users/user/Desktop/DatasetFR/Actor_11/11-a04Ja-02-02.wav
female_neutral,C:/Users/user/Desktop/DatasetFR/Actor_11/11-a04Na-01-02.wav
female_fear,C:/Users/user/Desktop/DatasetFR/Actor_11/11-a04Pa-07-02.wav
female_surprise,C:/Users/user/Desktop/DatasetFR/Actor_11/11-a04Sa-06-02.wav
female_angry,C:/Users/user/Desktop/DatasetFR/Actor_11/11-a05Ca-05-02.wav
female_disgust,C:/Users/user/Desktop/DatasetFR/Actor_11/11-a05Da-03-02.wav
female_happy,C:/Users/user/Desktop/DatasetFR/Actor_11/11-a05Ja-02-02.wav
female_neutral,C:/Users/user/Desktop/DatasetFR/Actor_11/11-a05Na-01-02.wav
female_fear,C:/Users/user/Desktop/DatasetFR/Actor_11/11-a05Pa-07-02.wav
female_surprise,C:/Users/user/Desktop/DatasetFR/Actor_11/11-a05Sa-06-02.wav
female_angry,C:/Users/user/Desktop/DatasetFR/Actor_11/11-a06Ca-05-02.wav
female_disgust,C:/Users/user/Desktop/DatasetFR/Actor_11/11-a06Da-03-02.wav
female_happy,C:/Users/user/Desktop/DatasetFR/Actor_11/11-a06Ja-02-02.wav
female_neutral,C:/Users/user/Desktop/DatasetFR/Actor_11/11-a06Na-01-02.wav
female_fear,C:/Users/user/Desktop/DatasetFR/Actor_11/11-a06Pa-07-02.wav
female_surprise,C:/Users/user/Desktop/DatasetFR/Actor_11/11-a06Sa-06-02.wav
male_angry,C:/Users/user/Desktop/DatasetFR/Actor_12/12-a07Ca-05-01.wav
male_disgust,C:/Users/user/Desktop/DatasetFR/Actor_12/12-a07Da-03-01.wav
male_happy,C:/Users/user/Desktop/DatasetFR/Actor_12/12-a07Ja-02-01.wav
male_neutral,C:/Users/user/Desktop/DatasetFR/Actor_12/12-a07Na-01-01.wav
male_fear,C:/Users/user/Desktop/DatasetFR/Actor_12/12-a07Pa-07-01.wav
male_surprise,C:/Users/user/Desktop/DatasetFR/Actor_12/12-a07Sa-06-01.wav
male_sad,C:/Users/user/Desktop/DatasetFR/Actor_12/12-a07Ta-04-01.wav
male_angry,C:/Users/user/Desktop/DatasetFR/Actor_12/12-a08Ca-05-01.wav
male_disgust,C:/Users/user/Desktop/DatasetFR/Actor_12/12-a08Da-03-01.wav
male_happy,C:/Users/user/Desktop/DatasetFR/Actor_12/12-a08Ja-02-01.wav
male_neutral,C:/Users/user/Desktop/DatasetFR/Actor_12/12-a08Na-01-01.wav
male_fear,C:/Users/user/Desktop/DatasetFR/Actor_12/12-a08Pa-07-01.wav
male_surprise,C:/Users/user/Desktop/DatasetFR/Actor_12/12-a08Sa-06-01.wav
male_sad,C:/Users/user/Desktop/DatasetFR/Actor_12/12-a08Ta-04-01.wav
female_angry,C:/Users/user/Desktop/DatasetFR/Actor_13/13-a05Ca-05-02.wav
female_disgust,C:/Users/user/Desktop/DatasetFR/Actor_13/13-a05Da-03-02.wav
female_happy,C:/Users/user/Desktop/DatasetFR/Actor_13/13-a05Ja-02-02.wav
female_neutral,C:/Users/user/Desktop/DatasetFR/Actor_13/13-a05Na-01-02.wav
female_fear,C:/Users/user/Desktop/DatasetFR/Actor_13/13-a05Pa-07-02.wav
female_surprise,C:/Users/user/Desktop/DatasetFR/Actor_13/13-a05Sa-06-02.wav
female_sad,C:/Users/user/Desktop/DatasetFR/Actor_13/13-a05Ta-04-02.wav
female_angry,C:/Users/user/Desktop/DatasetFR/Actor_13/13-a06Ca-05-02.wav
female_disgust,C:/Users/user/Desktop/DatasetFR/Actor_13/13-a06Da-03-02.wav
female_happy,C:/Users/user/Desktop/DatasetFR/Actor_13/13-a06Ja-02-02.wav
female_neutral,C:/Users/user/Desktop/DatasetFR/Actor_13/13-a06Na-01-02.wav
female_fear,C:/Users/user/Desktop/DatasetFR/Actor_13/13-a06Pa-07-02.wav
female_surprise,C:/Users/user/Desktop/DatasetFR/Actor_13/13-a06Sa-06-02.wav
female_sad,C:/Users/user/Desktop/DatasetFR/Actor_13/13-a06Ta-04-02.wav
male_angry,C:/Users/user/Desktop/DatasetFR/Actor_14/14-a03Ca-05-01.wav
male_disgust,C:/Users/user/Desktop/DatasetFR/Actor_14/14-a03Da-03-01.wav
male_happy,C:/Users/user/Desktop/DatasetFR/Actor_14/14-a03Ja-02-01.wav
male_neutral,C:/Users/user/Desktop/DatasetFR/Actor_14/14-a03Na-01-01.wav
male_fear,C:/Users/user/Desktop/DatasetFR/Actor_14/14-a03Pa-07-01.wav
male_surprise,C:/Users/user/Desktop/DatasetFR/Actor_14/14-a03Sa-06-01.wav
male_sad,C:/Users/user/Desktop/DatasetFR/Actor_14/14-a03Ta-04-01.wav
male_angry,C:/Users/user/Desktop/DatasetFR/Actor_14/14-a04Ca-05-01.wav
male_disgust,C:/Users/user/Desktop/DatasetFR/Actor_14/14-a04Da-03-01.wav
male_happy,C:/Users/user/Desktop/DatasetFR/Actor_14/14-a04Ja-02-01.wav
male_neutral,C:/Users/user/Desktop/DatasetFR/Actor_14/14-a04Na-01-01.wav
male_fear,C:/Users/user/Desktop/DatasetFR/Actor_14/14-a04Pa-07-01.wav
male_surprise,C:/Users/user/Desktop/DatasetFR/Actor_14/14-a04Sa-06-01.wav
male_sad,C:/Users/user/Desktop/DatasetFR/Actor_14/14-a04Ta-04-01.wav
male_sad,C:/Users/user/Desktop/DatasetFR/Actor_16/16-a02Ta-04-01.wav
male_disgust,C:/Users/user/Desktop/DatasetFR/Actor_16/16-a07Da-03-01.wav
male_disgust,C:/Users/user/Desktop/DatasetFR/Actor_16/16-a08Da-03-01.wav
male_neutral,C:/Users/user/Desktop/DatasetFR/Actor_16/16-a09Na-01-01.wav
male_fear,C:/Users/user/Desktop/DatasetFR/Actor_16/16-a09Pa-07-01.wav
male_surprise,C:/Users/user/Desktop/DatasetFR/Actor_16/16-a09Sa-06-01.wav
male_sad,C:/Users/user/Desktop/DatasetFR/Actor_16/16-a09Ta-04-01.wav
male_happy,C:/Users/user/Desktop/DatasetFR/Actor_16/16-a10Ja-02-01.wav
male_neutral,C:/Users/user/Desktop/DatasetFR/Actor_16/16-a10Na-01-01.wav
male_angry,C:/Users/user/Desktop/DatasetFR/Actor_16/16-a11Ca-05-01.wav
male_angry,C:/Users/user/Desktop/DatasetFR/Actor_16/16-a20Ca-05-01.wav
male_happy,C:/Users/user/Desktop/DatasetFR/Actor_16/16-a20Ja-02-01.wav
male_fear,C:/Users/user/Desktop/DatasetFR/Actor_16/16-a20Pa-07-01.wav
male_surprise,C:/Users/user/Desktop/DatasetFR/Actor_16/16-a20Sa-06-01.wav
male_angry,C:/Users/user/Desktop/DatasetFR/Actor_18/18-a07Ca-05-01.wav
male_disgust,C:/Users/user/Desktop/DatasetFR/Actor_18/18-a07Da-03-01.wav
male_happy,C:/Users/user/Desktop/DatasetFR/Actor_18/18-a07Ja-02-01.wav
male_neutral,C:/Users/user/Desktop/DatasetFR/Actor_18/18-a07Na-01-01.wav
male_fear,C:/Users/user/Desktop/DatasetFR/Actor_18/18-a07Pa-07-01.wav
male_surprise,C:/Users/user/Desktop/DatasetFR/Actor_18/18-a07Sa-06-01.wav
male_sad,C:/Users/user/Desktop/DatasetFR/Actor_18/18-a07Ta-04-01.wav
male_angry,C:/Users/user/Desktop/DatasetFR/Actor_18/18-a08Ca-05-01.wav
male_disgust,C:/Users/user/Desktop/DatasetFR/Actor_18/18-a08Da-03-01.wav
male_happy,C:/Users/user/Desktop/DatasetFR/Actor_18/18-a08Ja-02-01.wav
male_neutral,C:/Users/user/Desktop/DatasetFR/Actor_18/18-a08Na-01-01.wav
male_fear,C:/Users/user/Desktop/DatasetFR/Actor_18/18-a08Pa-07-01.wav
male_surprise,C:/Users/user/Desktop/DatasetFR/Actor_18/18-a08Sa-06-01.wav
male_sad,C:/Users/user/Desktop/DatasetFR/Actor_18/18-a08Ta-04-01.wav
male_angry,C:/Users/user/Desktop/DatasetFR/Actor_19/19-a09Ca-05-01.wav
male_disgust,C:/Users/user/Desktop/DatasetFR/Actor_19/19-a09Da-03-01.wav
male_happy,C:/Users/user/Desktop/DatasetFR/Actor_19/19-a09Ja-02-01.wav
male_neutral,C:/Users/user/Desktop/DatasetFR/Actor_19/19-a09Na-01-01.wav
male_fear,C:/Users/user/Desktop/DatasetFR/Actor_19/19-a09Pa-07-01.wav
male_surprise,C:/Users/user/Desktop/DatasetFR/Actor_19/19-a09Sa-06-01.wav
male_sad,C:/Users/user/Desktop/DatasetFR/Actor_19/19-a09Ta-04-01.wav
male_angry,C:/Users/user/Desktop/DatasetFR/Actor_19/19-a10Ca-05-01.wav
male_disgust,C:/Users/user/Desktop/DatasetFR/Actor_19/19-a10Da-03-01.wav
male_happy,C:/Users/user/Desktop/DatasetFR/Actor_19/19-a10Ja-02-01.wav
male_neutral,C:/Users/user/Desktop/DatasetFR/Actor_19/19-a10Na-01-01.wav
male_fear,C:/Users/user/Desktop/DatasetFR/Actor_19/19-a10Pa-07-01.wav
male_surprise,C:/Users/user/Desktop/DatasetFR/Actor_19/19-a10Sa-06-01.wav
male_sad,C:/Users/user/Desktop/DatasetFR/Actor_19/19-a10Ta-04-01.wav
male_angry,C:/Users/user/Desktop/DatasetFR/Actor_20/20-a01Ca-05-01.wav
male_happy,C:/Users/user/Desktop/DatasetFR/Actor_20/20-a01Ja-02-01.wav
male_angry,C:/Users/user/Desktop/DatasetFR/Actor_20/20-a02Ca-05-01.wav
male_happy,C:/Users/user/Desktop/DatasetFR/Actor_20/20-a02Ja-02-01.wav
male_neutral,C:/Users/user/Desktop/DatasetFR/Actor_20/20-a02Na-01-01.wav
male_surprise,C:/Users/user/Desktop/DatasetFR/Actor_20/20-a02Sa-06-01.wav
male_disgust,C:/Users/user/Desktop/DatasetFR/Actor_20/20-a03Da-03-01.wav
male_surprise,C:/Users/user/Desktop/DatasetFR/Actor_20/20-a07Sa-06-01.wav
male_neutral,C:/Users/user/Desktop/DatasetFR/Actor_20/20-a08Na-01-01.wav
male_disgust,C:/Users/user/Desktop/DatasetFR/Actor_20/20-a09Da-03-01.wav
male_fear,C:/Users/user/Desktop/DatasetFR/Actor_20/20-a10Pa-07-01.wav
male_sad,C:/Users/user/Desktop/DatasetFR/Actor_20/20-a10Ta-04-01.wav
male_fear,C:/Users/user/Desktop/DatasetFR/Actor_20/20-a11Pa-07-01.wav
male_sad,C:/Users/user/Desktop/DatasetFR/Actor_20/20-a11Ta-04-01.wav
female_angry,C:/Users/user/Desktop/DatasetFR/Actor_21/21-a01Ca-05-02.wav
male_disgust,C:/Users/user/Desktop/DatasetFR/Actor_21/21-a01Da-03-01.wav
female_neutral,C:/Users/user/Desktop/DatasetFR/Actor_21/21-a01Na-01-02.wav
female_surprise,C:/Users/user/Desktop/DatasetFR/Actor_21/21-a01Sa-06-02.wav
female_sad,C:/Users/user/Desktop/DatasetFR/Actor_21/21-a01Ta-04-02.wav
female_disgust,C:/Users/user/Desktop/DatasetFR/Actor_21/21-a02Da-03-02.wav
female_angry,C:/Users/user/Desktop/DatasetFR/Actor_21/21-a11Ca-05-02.wav
female_happy,C:/Users/user/Desktop/DatasetFR/Actor_21/21-a11Ja-02-02.wav
female_neutral,C:/Users/user/Desktop/DatasetFR/Actor_21/21-a11Na-01-02.wav
female_surprise,C:/Users/user/Desktop/DatasetFR/Actor_21/21-a11Sa-06-02.wav
female_sad,C:/Users/user/Desktop/DatasetFR/Actor_21/21-a11Ta-04-02.wav
female_happy,C:/Users/user/Desktop/DatasetFR/Actor_21/21-a12Ja-02-02.wav
female_fear,C:/Users/user/Desktop/DatasetFR/Actor_21/21-a12Pa-07-02.wav
male_happy,C:/Users/user/Desktop/DatasetFR/Actor_22/22-a01Ja-02-01.wav
male_disgust,C:/Users/user/Desktop/DatasetFR/Actor_22/22-a02Da-03-01.wav
male_happy,C:/Users/user/Desktop/DatasetFR/Actor_22/22-a02Ja-02-01.wav
male_neutral,C:/Users/user/Desktop/DatasetFR/Actor_22/22-a02Na-01-01.wav
male_disgust,C:/Users/user/Desktop/DatasetFR/Actor_22/22-a03Da-03-01.wav
male_neutral,C:/Users/user/Desktop/DatasetFR/Actor_22/22-a03Na-01-01.wav
male_angry,C:/Users/user/Desktop/DatasetFR/Actor_22/22-a09Ca-05-01.wav
male_sad,C:/Users/user/Desktop/DatasetFR/Actor_22/22-a09Ta-04-01.wav
male_angry,C:/Users/user/Desktop/DatasetFR/Actor_22/22-a10Ca-05-01.wav
male_fear,C:/Users/user/Desktop/DatasetFR/Actor_22/22-a10Pa-07-01.wav
male_surprise,C:/Users/user/Desktop/DatasetFR/Actor_22/22-a10Sa-06-01.wav
male_sad,C:/Users/user/Desktop/DatasetFR/Actor_22/22-a10Ta-04-01.wav
male_surprise,C:/Users/user/Desktop/DatasetFR/Actor_22/22-a11Sa-06-01.wav
male_fear,C:/Users/user/Desktop/DatasetFR/Actor_22/22-a12Pa-07-01.wav
male_fear,C:/Users/user/Desktop/DatasetFR/Actor_23/23-a01Pa-07-01.wav
male_disgust,C:/Users/user/Desktop/DatasetFR/Actor_23/23-a04Da-03-01.wav
male_neutral,C:/Users/user/Desktop/DatasetFR/Actor_23/23-a04Na-01-01.wav
male_fear,C:/Users/user/Desktop/DatasetFR/Actor_23/23-a04Pa-07-01.wav
male_disgust,C:/Users/user/Desktop/DatasetFR/Actor_23/23-a05Da-03-01.wav
male_surprise,C:/Users/user/Desktop/DatasetFR/Actor_23/23-a05Sa-06-01.wav
male_angry,C:/Users/user/Desktop/DatasetFR/Actor_23/23-a07Ca-05-01.wav
male_happy,C:/Users/user/Desktop/DatasetFR/Actor_23/23-a07Ja-02-01.wav
male_neutral,C:/Users/user/Desktop/DatasetFR/Actor_23/23-a07Na-01-01.wav
male_surprise,C:/Users/user/Desktop/DatasetFR/Actor_23/23-a07Sa-06-01.wav
male_sad,C:/Users/user/Desktop/DatasetFR/Actor_23/23-a07Ta-04-01.wav
male_happy,C:/Users/user/Desktop/DatasetFR/Actor_23/23-a08Ja-02-01.wav
male_angry,C:/Users/user/Desktop/DatasetFR/Actor_23/23-a11Ca-05-01.wav
male_sad,C:/Users/user/Desktop/DatasetFR/Actor_23/23-a11Ta-04-01.wav
female_angry,C:/Users/user/Desktop/DatasetFR/Actor_24/24-a01Ca-05-02.wav
female_surprise,C:/Users/user/Desktop/DatasetFR/Actor_24/24-a01Sa-06-02.wav
female_sad,C:/Users/user/Desktop/DatasetFR/Actor_24/24-a01Ta-04-02.wav
female_angry,C:/Users/user/Desktop/DatasetFR/Actor_24/24-a02Ca-05-02.wav
female_fear,C:/Users/user/Desktop/DatasetFR/Actor_24/24-a02Pa-07-02.wav
female_fear,C:/Users/user/Desktop/DatasetFR/Actor_24/24-a03Pa-07-02.wav
female_sad,C:/Users/user/Desktop/DatasetFR/Actor_24/24-a03Ta-04-02.wav
female_disgust,C:/Users/user/Desktop/DatasetFR/Actor_24/24-a06Da-03-02.wav
female_surprise,C:/Users/user/Desktop/DatasetFR/Actor_24/24-a06Sa-06-02.wav
female_disgust,C:/Users/user/Desktop/DatasetFR/Actor_24/24-a07Da-03-02.wav
female_neutral,C:/Users/user/Desktop/DatasetFR/Actor_24/24-a07Na-01-02.wav
female_neutral,C:/Users/user/Desktop/DatasetFR/Actor_24/24-a08Na-01-02.wav
female_happy,C:/Users/user/Desktop/DatasetFR/Actor_24/24-a09Ja-02-02.wav
female_happy,C:/Users/user/Desktop/DatasetFR/Actor_24/24-a10Ja-02-02.wav
male_angry,C:/Users/user/Desktop/DatasetFR/Actor_25/25-a02Ca-05-01.wav
male_surprise,C:/Users/user/Desktop/DatasetFR/Actor_25/25-a02Sa-06-01.wav
male_surprise,C:/Users/user/Desktop/DatasetFR/Actor_25/25-a03Sa-06-01.wav
male_sad,C:/Users/user/Desktop/DatasetFR/Actor_25/25-a04Ta-04-01.wav
male_angry,C:/Users/user/Desktop/DatasetFR/Actor_25/25-a05Ca-05-01.wav
male_fear,C:/Users/user/Desktop/DatasetFR/Actor_25/25-a05Pa-07-01.wav
male_sad,C:/Users/user/Desktop/DatasetFR/Actor_25/25-a05Ta-04-01.wav
male_angry,C:/Users/user/Desktop/DatasetFR/Actor_25/25-a06Ca-05-01.wav
male_fear,C:/Users/user/Desktop/DatasetFR/Actor_25/25-a06Pa-07-01.wav
male_disgust,C:/Users/user/Desktop/DatasetFR/Actor_25/25-a08Da-03-01.wav
male_disgust,C:/Users/user/Desktop/DatasetFR/Actor_25/25-a09Da-03-01.wav
male_neutral,C:/Users/user/Desktop/DatasetFR/Actor_25/25-a09Na-01-01.wav
male_neutral,C:/Users/user/Desktop/DatasetFR/Actor_25/25-a10Na-01-01.wav
male_happy,C:/Users/user/Desktop/DatasetFR/Actor_25/25-a11Ja-02-01.wav
male_happy,C:/Users/user/Desktop/DatasetFR/Actor_25/25-a13Ja-02-01.wav
male_disgust,C:/Users/user/Desktop/DatasetFR/Actor_26/26-a01Da-03-01.wav
male_neutral,C:/Users/user/Desktop/DatasetFR/Actor_26/26-a01Na-01-01.wav
male_fear,C:/Users/user/Desktop/DatasetFR/Actor_26/26-a01Pa-07-01.wav
male_fear,C:/Users/user/Desktop/DatasetFR/Actor_26/26-a02Pa-07-01.wav
male_angry,C:/Users/user/Desktop/DatasetFR/Actor_26/26-a03Ca-05-01.wav
male_angry,C:/Users/user/Desktop/DatasetFR/Actor_26/26-a04Ca-05-01.wav
male_surprise,C:/Users/user/Desktop/DatasetFR/Actor_26/26-a04Sa-06-01.wav
male_sad,C:/Users/user/Desktop/DatasetFR/Actor_26/26-a06Ta-04-01.wav
male_happy,C:/Users/user/Desktop/DatasetFR/Actor_26/26-a07Ja-02-01.wav
male_happy,C:/Users/user/Desktop/DatasetFR/Actor_26/26-a08Ja-02-01.wav
male_surprise,C:/Users/user/Desktop/DatasetFR/Actor_26/26-a08Sa-06-01.wav
male_sad,C:/Users/user/Desktop/DatasetFR/Actor_26/26-a08Ta-04-01.wav
male_disgust,C:/Users/user/Desktop/DatasetFR/Actor_26/26-a10Da-03-01.wav
male_neutral,C:/Users/user/Desktop/DatasetFR/Actor_26/26-a11Na-01-01.wav
male_surprise,C:/Users/user/Desktop/DatasetFR/Actor_27/27-a01Sa-06-01.wav
male_sad,C:/Users/user/Desktop/DatasetFR/Actor_27/27-a01Ta-04-01.wav
male_disgust,C:/Users/user/Desktop/DatasetFR/Actor_27/27-a02Da-03-01.wav
male_neutral,C:/Users/user/Desktop/DatasetFR/Actor_27/27-a02Na-01-01.wav
male_surprise,C:/Users/user/Desktop/DatasetFR/Actor_27/27-a02Sa-06-01.wav
male_sad,C:/Users/user/Desktop/DatasetFR/Actor_27/27-a02Ta-04-01.wav
male_disgust,C:/Users/user/Desktop/DatasetFR/Actor_27/27-a03Da-03-01.wav
male_neutral,C:/Users/user/Desktop/DatasetFR/Actor_27/27-a03Na-01-01.wav
male_fear,C:/Users/user/Desktop/DatasetFR/Actor_27/27-a03Pa-07-01.wav
male_fear,C:/Users/user/Desktop/DatasetFR/Actor_27/27-a04Pa-07-01.wav
male_angry,C:/Users/user/Desktop/DatasetFR/Actor_27/27-a05Ca-05-01.wav
male_angry,C:/Users/user/Desktop/DatasetFR/Actor_27/27-a06Ca-05-01.wav
male_happy,C:/Users/user/Desktop/DatasetFR/Actor_27/27-a09Ja-02-01.wav
male_happy,C:/Users/user/Desktop/DatasetFR/Actor_27/27-a10Ja-02-01.wav
male_angry,C:/Users/user/Desktop/DatasetFR/Actor_28/28-a01Ca-05-01.wav
male_surprise,C:/Users/user/Desktop/DatasetFR/Actor_28/28-a03Sa-06-01.wav
male_sad,C:/Users/user/Desktop/DatasetFR/Actor_28/28-a03Ta-04-01.wav
male_disgust,C:/Users/user/Desktop/DatasetFR/Actor_28/28-a04Da-03-01.wav
male_neutral,C:/Users/user/Desktop/DatasetFR/Actor_28/28-a04Na-01-01.wav
male_surprise,C:/Users/user/Desktop/DatasetFR/Actor_28/28-a04Sa-06-01.wav
male_sad,C:/Users/user/Desktop/DatasetFR/Actor_28/28-a04Ta-04-01.wav
male_disgust,C:/Users/user/Desktop/DatasetFR/Actor_28/28-a05Da-03-01.wav
male_neutral,C:/Users/user/Desktop/DatasetFR/Actor_28/28-a05Na-01-01.wav
male_fear,C:/Users/user/Desktop/DatasetFR/Actor_28/28-a05Pa-07-01.wav
male_fear,C:/Users/user/Desktop/DatasetFR/Actor_28/28-a06Pa-07-01.wav
male_angry,C:/Users/user/Desktop/DatasetFR/Actor_28/28-a08Ca-05-01.wav
male_happy,C:/Users/user/Desktop/DatasetFR/Actor_28/28-a11Ja-02-01.wav
male_happy,C:/Users/user/Desktop/DatasetFR/Actor_28/28-a12Ja-02-01.wav
male_happy,C:/Users/user/Desktop/DatasetFR/Actor_29/29-a03Ja-02-01.wav
male_disgust,C:/Users/user/Desktop/DatasetFR/Actor_29/29-a06Da-03-01.wav
male_neutral,C:/Users/user/Desktop/DatasetFR/Actor_29/29-a06Na-01-01.wav
male_disgust,C:/Users/user/Desktop/DatasetFR/Actor_29/29-a07Da-03-01.wav
male_neutral,C:/Users/user/Desktop/DatasetFR/Actor_29/29-a07Na-01-01.wav
male_fear,C:/Users/user/Desktop/DatasetFR/Actor_29/29-a07Pa-07-01.wav
male_fear,C:/Users/user/Desktop/DatasetFR/Actor_29/29-a08Pa-07-01.wav
male_angry,C:/Users/user/Desktop/DatasetFR/Actor_29/29-a09Ca-05-01.wav
male_surprise,C:/Users/user/Desktop/DatasetFR/Actor_29/29-a09Sa-06-01.wav
male_sad,C:/Users/user/Desktop/DatasetFR/Actor_29/29-a09Ta-04-01.wav
male_angry,C:/Users/user/Desktop/DatasetFR/Actor_29/29-a10Ca-05-01.wav
male_surprise,C:/Users/user/Desktop/DatasetFR/Actor_29/29-a10Sa-06-01.wav
male_sad,C:/Users/user/Desktop/DatasetFR/Actor_29/29-a10Ta-04-01.wav
male_happy,C:/Users/user/Desktop/DatasetFR/Actor_29/29-a13Ja-02-01.wav
male_happy,C:/Users/user/Desktop/DatasetFR/Actor_30/30-a04Ja-02-01.wav
male_happy,C:/Users/user/Desktop/DatasetFR/Actor_30/30-a05Ja-02-01.wav
male_angry,C:/Users/user/Desktop/DatasetFR/Actor_30/30-a07Ca-05-01.wav
male_sad,C:/Users/user/Desktop/DatasetFR/Actor_30/30-a07Ta-04-01.wav
male_disgust,C:/Users/user/Desktop/DatasetFR/Actor_30/30-a08Da-03-01.wav
male_neutral,C:/Users/user/Desktop/DatasetFR/Actor_30/30-a08Na-01-01.wav
male_disgust,C:/Users/user/Desktop/DatasetFR/Actor_30/30-a09Da-03-01.wav
male_neutral,C:/Users/user/Desktop/DatasetFR/Actor_30/30-a09Na-01-01.wav
male_surprise,C:/Users/user/Desktop/DatasetFR/Actor_30/30-a09Sa-06-01.wav
male_angry,C:/Users/user/Desktop/DatasetFR/Actor_30/30-a11Ca-05-01.wav
male_fear,C:/Users/user/Desktop/DatasetFR/Actor_30/30-a11Pa-07-01.wav
male_surprise,C:/Users/user/Desktop/DatasetFR/Actor_30/30-a11Sa-06-01.wav
male_sad,C:/Users/user/Desktop/DatasetFR/Actor_30/30-a11Ta-04-01.wav
male_fear,C:/Users/user/Desktop/DatasetFR/Actor_30/30-a12Pa-07-01.wav
male_disgust,C:/Users/user/Desktop/DatasetFR/Actor_31/31-a01Da-03-01.wav
male_happy,C:/Users/user/Desktop/DatasetFR/Actor_31/31-a01Ja-02-01.wav
male_disgust,C:/Users/user/Desktop/DatasetFR/Actor_31/31-a02Da-03-01.wav
male_happy,C:/Users/user/Desktop/DatasetFR/Actor_31/31-a06Ja-02-01.wav
male_fear,C:/Users/user/Desktop/DatasetFR/Actor_31/31-a08Pa-07-01.wav
male_sad,C:/Users/user/Desktop/DatasetFR/Actor_31/31-a08Ta-04-01.wav
male_angry,C:/Users/user/Desktop/DatasetFR/Actor_31/31-a09Ca-05-01.wav
male_sad,C:/Users/user/Desktop/DatasetFR/Actor_31/31-a09Ta-04-01.wav
male_angry,C:/Users/user/Desktop/DatasetFR/Actor_31/31-a10Ca-05-01.wav
male_neutral,C:/Users/user/Desktop/DatasetFR/Actor_31/31-a10Na-01-01.wav
male_fear,C:/Users/user/Desktop/DatasetFR/Actor_31/31-a10Pa-07-01.wav
male_surprise,C:/Users/user/Desktop/DatasetFR/Actor_31/31-a10Sa-06-01.wav
male_neutral,C:/Users/user/Desktop/DatasetFR/Actor_31/31-a11Na-01-01.wav
male_surprise,C:/Users/user/Desktop/DatasetFR/Actor_31/31-a11Sa-06-01.wav
male_disgust,C:/Users/user/Desktop/DatasetFR/Actor_32/32-a01Da-03-01.wav
male_angry,C:/Users/user/Desktop/DatasetFR/Actor_32/32-a07Ca-05-01.wav
male_fear,C:/Users/user/Desktop/DatasetFR/Actor_32/32-a07Pa-07-01.wav
male_sad,C:/Users/user/Desktop/DatasetFR/Actor_32/32-a07Ta-04-01.wav
male_angry,C:/Users/user/Desktop/DatasetFR/Actor_32/32-a08Ca-05-01.wav
male_fear,C:/Users/user/Desktop/DatasetFR/Actor_32/32-a08Pa-07-01.wav
male_surprise,C:/Users/user/Desktop/DatasetFR/Actor_32/32-a08Sa-06-01.wav
male_sad,C:/Users/user/Desktop/DatasetFR/Actor_32/32-a08Ta-04-01.wav
male_neutral,C:/Users/user/Desktop/DatasetFR/Actor_32/32-a09Na-01-01.wav
male_surprise,C:/Users/user/Desktop/DatasetFR/Actor_32/32-a09Sa-06-01.wav
male_disgust,C:/Users/user/Desktop/DatasetFR/Actor_32/32-a10Da-03-01.wav
male_neutral,C:/Users/user/Desktop/DatasetFR/Actor_32/32-a10Na-01-01.wav
male_happy,C:/Users/user/Desktop/DatasetFR/Actor_32/32-a12Ja-02-01.wav
male_happy,C:/Users/user/Desktop/DatasetFR/Actor_32/32-a13Ja-02-01.wav
male_disgust,C:/Users/user/Desktop/DatasetFR/Actor_33/33-a01Da-03-01.wav
male_neutral,C:/Users/user/Desktop/DatasetFR/Actor_33/33-a01Na-01-01.wav
male_happy,C:/Users/user/Desktop/DatasetFR/Actor_33/33-a02Ja-02-01.wav
male_neutral,C:/Users/user/Desktop/DatasetFR/Actor_33/33-a02Na-01-01.wav
male_disgust,C:/Users/user/Desktop/DatasetFR/Actor_33/33-a03Da-03-01.wav
male_happy,C:/Users/user/Desktop/DatasetFR/Actor_33/33-a03Ja-02-01.wav
male_surprise,C:/Users/user/Desktop/DatasetFR/Actor_33/33-a05Sa-06-01.wav
male_fear,C:/Users/user/Desktop/DatasetFR/Actor_33/33-a07Pa-07-01.wav
male_surprise,C:/Users/user/Desktop/DatasetFR/Actor_33/33-a07Sa-06-01.wav
male_sad,C:/Users/user/Desktop/DatasetFR/Actor_33/33-a07Ta-04-01.wav
male_angry,C:/Users/user/Desktop/DatasetFR/Actor_33/33-a08Ca-05-01.wav
male_fear,C:/Users/user/Desktop/DatasetFR/Actor_33/33-a08Pa-07-01.wav
male_angry,C:/Users/user/Desktop/DatasetFR/Actor_33/33-a09Ca-05-01.wav
male_sad,C:/Users/user/Desktop/DatasetFR/Actor_33/33-a11Ta-04-01.wav
male_happy,C:/Users/user/Desktop/DatasetFR/Actor_36/36-a01Ja-02-01.wav
male_happy,C:/Users/user/Desktop/DatasetFR/Actor_36/36-a02Ja-02-01.wav
male_neutral,C:/Users/user/Desktop/DatasetFR/Actor_36/36-a03Na-01-01.wav
male_disgust,C:/Users/user/Desktop/DatasetFR/Actor_36/36-a04Da-03-01.wav
male_neutral,C:/Users/user/Desktop/DatasetFR/Actor_36/36-a04Na-01-01.wav
male_disgust,C:/Users/user/Desktop/DatasetFR/Actor_36/36-a05Da-03-01.wav
male_surprise,C:/Users/user/Desktop/DatasetFR/Actor_36/36-a05Sa-06-01.wav
male_sad,C:/Users/user/Desktop/DatasetFR/Actor_36/36-a05Ta-04-01.wav
male_sad,C:/Users/user/Desktop/DatasetFR/Actor_36/36-a06Ta-04-01.wav
male_angry,C:/Users/user/Desktop/DatasetFR/Actor_36/36-a08Ca-05-01.wav
male_surprise,C:/Users/user/Desktop/DatasetFR/Actor_36/36-a08Sa-06-01.wav
male_angry,C:/Users/user/Desktop/DatasetFR/Actor_36/36-a09Ca-05-01.wav
male_fear,C:/Users/user/Desktop/DatasetFR/Actor_36/36-a09Pa-07-01.wav
male_fear,C:/Users/user/Desktop/DatasetFR/Actor_36/36-a10Pa-07-01.wav
female_surprise,C:/Users/user/Desktop/DatasetFR/Actor_37/37-a01Sa-06-02.wav
female_sad,C:/Users/user/Desktop/DatasetFR/Actor_37/37-a01Ta-04-02.wav
female_sad,C:/Users/user/Desktop/DatasetFR/Actor_37/37-a02Ta-04-02.wav
female_happy,C:/Users/user/Desktop/DatasetFR/Actor_37/37-a04Ja-02-02.wav
female_happy,C:/Users/user/Desktop/DatasetFR/Actor_37/37-a05Ja-02-02.wav
female_neutral,C:/Users/user/Desktop/DatasetFR/Actor_37/37-a05Na-01-02.wav
female_neutral,C:/Users/user/Desktop/DatasetFR/Actor_37/37-a06Na-01-02.wav
female_surprise,C:/Users/user/Desktop/DatasetFR/Actor_37/37-a06Sa-06-02.wav
female_disgust,C:/Users/user/Desktop/DatasetFR/Actor_37/37-a07Da-03-02.wav
female_fear,C:/Users/user/Desktop/DatasetFR/Actor_37/37-a07Pa-07-02.wav
female_disgust,C:/Users/user/Desktop/DatasetFR/Actor_37/37-a08Da-03-02.wav
female_angry,C:/Users/user/Desktop/DatasetFR/Actor_37/37-a10Ca-05-02.wav
female_angry,C:/Users/user/Desktop/DatasetFR/Actor_37/37-a11Ca-05-02.wav
female_fear,C:/Users/user/Desktop/DatasetFR/Actor_37/37-a11Pa-07-02.wav
male_angry,C:/Users/user/Desktop/DatasetFR/Actor_38/38-a01Ca-05-01.wav
male_surprise,C:/Users/user/Desktop/DatasetFR/Actor_38/38-a02Sa-06-01.wav
male_happy,C:/Users/user/Desktop/DatasetFR/Actor_38/38-a03Ja-02-01.wav
male_sad,C:/Users/user/Desktop/DatasetFR/Actor_38/38-a03Ta-04-01.wav
male_angry,C:/Users/user/Desktop/DatasetFR/Actor_38/38-a04Ca-05-01.wav
male_happy,C:/Users/user/Desktop/DatasetFR/Actor_38/38-a04Ja-02-01.wav
male_sad,C:/Users/user/Desktop/DatasetFR/Actor_38/38-a04Ta-04-01.wav
male_surprise,C:/Users/user/Desktop/DatasetFR/Actor_38/38-a06Sa-06-01.wav
male_neutral,C:/Users/user/Desktop/DatasetFR/Actor_38/38-a07Na-01-01.wav
male_neutral,C:/Users/user/Desktop/DatasetFR/Actor_38/38-a08Na-01-01.wav
male_fear,C:/Users/user/Desktop/DatasetFR/Actor_38/38-a08Pa-07-01.wav
male_disgust,C:/Users/user/Desktop/DatasetFR/Actor_38/38-a09Da-03-01.wav
male_disgust,C:/Users/user/Desktop/DatasetFR/Actor_38/38-a10Da-03-01.wav
male_fear,C:/Users/user/Desktop/DatasetFR/Actor_38/38-a10Pa-07-01.wav
male_angry,C:/Users/user/Desktop/DatasetFR/Actor_39/39-a02Ca-05-01.wav
male_angry,C:/Users/user/Desktop/DatasetFR/Actor_39/39-a03Ca-05-01.wav
male_fear,C:/Users/user/Desktop/DatasetFR/Actor_39/39-a03Pa-07-01.wav
male_surprise,C:/Users/user/Desktop/DatasetFR/Actor_39/39-a03Sa-06-01.wav
male_fear,C:/Users/user/Desktop/DatasetFR/Actor_39/39-a04Pa-07-01.wav
male_surprise,C:/Users/user/Desktop/DatasetFR/Actor_39/39-a04Sa-06-01.wav
male_happy,C:/Users/user/Desktop/DatasetFR/Actor_39/39-a05Ja-02-01.wav
male_sad,C:/Users/user/Desktop/DatasetFR/Actor_39/39-a05Ta-04-01.wav
male_disgust,C:/Users/user/Desktop/DatasetFR/Actor_39/39-a06Da-03-01.wav
male_happy,C:/Users/user/Desktop/DatasetFR/Actor_39/39-a06Ja-02-01.wav
male_sad,C:/Users/user/Desktop/DatasetFR/Actor_39/39-a06Ta-04-01.wav
male_neutral,C:/Users/user/Desktop/DatasetFR/Actor_39/39-a08Na-01-01.wav
male_disgust,C:/Users/user/Desktop/DatasetFR/Actor_39/39-a09Da-03-01.wav
male_neutral,C:/Users/user/Desktop/DatasetFR/Actor_39/39-a09Na-01-01.wav
male_happy,C:/Users/user/Desktop/DatasetFR/Actor_40/40-a01Ja-02-01.wav
male_disgust,C:/Users/user/Desktop/DatasetFR/Actor_40/40-a02Da-03-01.wav
male_disgust,C:/Users/user/Desktop/DatasetFR/Actor_40/40-a03Da-03-01.wav
male_surprise,C:/Users/user/Desktop/DatasetFR/Actor_40/40-a03Sa-06-01.wav
male_surprise,C:/Users/user/Desktop/DatasetFR/Actor_40/40-a04Sa-06-01.wav
male_angry,C:/Users/user/Desktop/DatasetFR/Actor_40/40-a05Ca-05-01.wav
male_fear,C:/Users/user/Desktop/DatasetFR/Actor_40/40-a05Pa-07-01.wav
male_angry,C:/Users/user/Desktop/DatasetFR/Actor_40/40-a06Ca-05-01.wav
male_happy,C:/Users/user/Desktop/DatasetFR/Actor_40/40-a06Ja-02-01.wav
male_fear,C:/Users/user/Desktop/DatasetFR/Actor_40/40-a06Pa-07-01.wav
male_sad,C:/Users/user/Desktop/DatasetFR/Actor_40/40-a08Ta-04-01.wav
male_sad,C:/Users/user/Desktop/DatasetFR/Actor_40/40-a09Ta-04-01.wav
male_neutral,C:/Users/user/Desktop/DatasetFR/Actor_40/40-a10Na-01-01.wav
male_neutral,C:/Users/user/Desktop/DatasetFR/Actor_40/40-a11Na-01-01.wav
male_disgust,C:/Users/user/Desktop/DatasetFR/Actor_41/41-a07Da-03-01.wav
male_happy,C:/Users/user/Desktop/DatasetFR/Actor_41/41-a07Ja-02-01.wav
male_surprise,C:/Users/user/Desktop/DatasetFR/Actor_41/41-a07Sa-06-01.wav
male_happy,C:/Users/user/Desktop/DatasetFR/Actor_41/41-a08Ja-02-01.wav
male_fear,C:/Users/user/Desktop/DatasetFR/Actor_41/41-a08Pa-07-01.wav
male_neutral,C:/Users/user/Desktop/DatasetFR/Actor_41/41-a09Na-01-01.wav
male_fear,C:/Users/user/Desktop/DatasetFR/Actor_41/41-a09Pa-07-01.wav
male_surprise,C:/Users/user/Desktop/DatasetFR/Actor_41/41-a09Sa-06-01.wav
male_angry,C:/Users/user/Desktop/DatasetFR/Actor_41/41-a10Ca-05-01.wav
male_disgust,C:/Users/user/Desktop/DatasetFR/Actor_41/41-a10Da-03-01.wav
male_sad,C:/Users/user/Desktop/DatasetFR/Actor_41/41-a10Ta-04-01.wav
male_angry,C:/Users/user/Desktop/DatasetFR/Actor_41/41-a11Ca-05-01.wav
male_sad,C:/Users/user/Desktop/DatasetFR/Actor_41/41-a11Ta-04-01.wav
female_neutral,C:/Users/user/Desktop/DatasetFR/Actor_42/42-a01Na-01-02.wav
female_disgust,C:/Users/user/Desktop/DatasetFR/Actor_42/42-a02Da-03-02.wav
female_angry,C:/Users/user/Desktop/DatasetFR/Actor_42/42-a03Ca-05-02.wav
female_disgust,C:/Users/user/Desktop/DatasetFR/Actor_42/42-a03Da-03-02.wav
female_happy,C:/Users/user/Desktop/DatasetFR/Actor_42/42-a03Ja-02-02.wav
female_fear,C:/Users/user/Desktop/DatasetFR/Actor_42/42-a03Pa-07-02.wav
female_angry,C:/Users/user/Desktop/DatasetFR/Actor_42/42-a04Ca-05-02.wav
female_happy,C:/Users/user/Desktop/DatasetFR/Actor_42/42-a06Ja-02-02.wav
female_surprise,C:/Users/user/Desktop/DatasetFR/Actor_42/42-a07Sa-06-02.wav
female_sad,C:/Users/user/Desktop/DatasetFR/Actor_42/42-a07Ta-04-02.wav
female_surprise,C:/Users/user/Desktop/DatasetFR/Actor_42/42-a08Sa-06-02.wav
female_sad,C:/Users/user/Desktop/DatasetFR/Actor_42/42-a10Ta-04-02.wav
female_neutral,C:/Users/user/Desktop/DatasetFR/Actor_42/42-a11Na-01-02.wav
female_fear,C:/Users/user/Desktop/DatasetFR/Actor_42/42-a20Pa-07-02.wav
